{"id": 42, "tid": 280, "pos": [0.5160796709500581, 0.10839562030678176, 0.1221551154290273, 0.12458891796205568, 0.03515482891185294, 0.5391392929803128, 0.2826082558657317, 0.5488590580714741], "seed": [0, 1, 2], "data": [100, 87, -3.0227590765677816, -3.0032886563035546, -3.7187613687051764, 0.3131143438425026, -1.7391339530741465, 0.3908724645717925], "results": {"cartpole swingup": [[354.4105006564822, 343.6899048365016, 355.57288370224296, 366.3079553176461, 358.35700888032807, 355.01701294768134, 412.3324390607612, 310.42031267880054, 321.10438101846603, 319.69578548968633, 326.4159169589941, 343.7172385611186, 359.4713726766495, 348.98783054454975, 321.8418196406108, 375.64974920913875, 338.7427426306356, 321.7418998023065, 332.46412588411454, 406.53533128980655], [431.4288801724913, 511.92165034783153, 456.87208430039743, 443.6156048844818, 466.2478054753297, 560.5028996859168, 560.9774076293313, 463.74369831813743, 554.2751023445957, 524.9366192771394, 428.92003414125423, 444.3346751679368, 612.3966004151205, 492.8122373375016, 554.6477815515668, 449.208470377415, 617.3252615195005, 548.9426042197977, 499.23575706082187, 482.46395190338126], [333.38408355879574, 321.96611904110705, 425.22621912635094, 420.97868706914136, 482.6144302210664, 445.4016114245516, 423.7122829021515, 434.52960705835443, 410.1361689937471, 489.0412923449442, 334.432257491368, 423.6551049770571, 510.94935652232886, 430.14036581658985, 428.3939839524781, 434.1821871504067, 426.2273460408894, 431.61024059638373, 341.684354121889, 426.48637617273545]], "cheetah run": [[338.9550536653284, 351.72238607570966, 359.10311090467394, 318.72065586660995, 423.79336179054434, 48.986983619070315, 318.57040202985394, 368.6043671227383, 369.394024210088, 360.7146672294075, 330.37472813840964, 379.8535214935243, 369.38735754381156, 360.839812337437, 396.59754160431464, 58.41312495217376, 90.32315315090803, 230.56607656233408, 376.67795584073707, 240.82771937850742], [314.73321965795583, 327.4291413813227, 302.68501516093454, 281.9222090722303, 313.79920770636573, 313.3209877953747, 283.43268719834, 309.9076881940892, 318.92336352592594, 297.38320533573494, 328.4829278925096, 337.68130884309227, 296.0178451038836, 311.3895518907656, 328.5247696203996, 296.8043625541837, 277.89410584312685, 332.4525968504523, 321.4698386011483, 369.06366611948175], [267.8534297415342, 469.98391531408555, 83.20231107511604, 421.89098997488577, 460.13867063128544, 365.34558356725887, 461.21965946066246, 427.15256263989625, 469.72312898213704, 382.40557897848817, 313.2734136214293, 479.4733986446094, 335.2031834125649, 432.9935471325649, 331.7677851075968, 472.35143813782804, 452.975540349655, 106.46051617675515, 455.02415127247167, 452.8382800047958]], "reacher easy": [[0, 0, 962.0, 0, 18.0, 993.0, 320.0, 0, 9.0, 14.0, 0, 935.0, 961.0, 0, 0, 0, 961.0, 971.0, 10.0, 0], [923.0, 0, 0, 0, 970.0, 0, 0, 0, 0, 8.0, 941.0, 961.0, 0, 983.0, 0, 935.0, 10.0, 0, 971.0, 23.0], [0, 965.0, 4.0, 11.0, 821.0, 0, 4.0, 0, 14.0, 0, 975.0, 0, 0, 0, 1.0, 962.0, 0, 21.0, 0, 933.0]], "ball_in_cup catch": [[933.0, 722.0, 741.0, 746.0, 618.0, 665.0, 802.0, 401.0, 683.0, 868.0, 737.0, 915.0, 877.0, 749.0, 196.0, 498.0, 608.0, 833.0, 844.0, 770.0], [885.0, 990.0, 969.0, 0, 609.0, 0, 0, 379.0, 803.0, 0, 869.0, 0, 0, 708.0, 0, 998.0, 0, 0, 0, 0], [229.0, 819.0, 681.0, 183.0, 425.0, 119.0, 602.0, 771.0, 885.0, 553.0, 173.0, 767.0, 726.0, 444.0, 593.0, 877.0, 813.0, 884.0, 888.0, 642.0]], "finger spin": [[853.0, 859.0, 849.0, 837.0, 818.0, 840.0, 840.0, 871.0, 863.0, 834.0, 855.0, 849.0, 851.0, 856.0, 819.0, 821.0, 860.0, 814.0, 828.0, 835.0], [790.0, 795.0, 775.0, 804.0, 794.0, 784.0, 803.0, 792.0, 800.0, 754.0, 780.0, 784.0, 790.0, 784.0, 810.0, 786.0, 787.0, 801.0, 783.0, 814.0], [979.0, 985.0, 969.0, 965.0, 985.0, 970.0, 974.0, 971.0, 986.0, 967.0, 976.0, 985.0, 978.0, 992.0, 981.0, 971.0, 953.0, 958.0, 973.0, 986.0]], "walker walk": [[598.6506845359806, 523.9030196376632, 463.63699872535113, 580.2757615605472, 450.28415227901246, 550.312057554068, 519.831413704257, 469.3245068162639, 496.4052654044008, 514.5073071980622, 507.3210298675311, 475.3040704113191, 465.74567096074713, 410.52259619899843, 599.0086295137245, 529.9088582937648, 580.0834506152495, 505.91820274785994, 550.2810304233756, 550.5948407596425], [458.02725286218674, 573.2175026347888, 498.5821290151365, 498.97897397810954, 573.5635308215853, 554.3075549661646, 569.6062386400095, 542.2294172554202, 438.7924125669195, 543.225781960728, 509.19914931113095, 515.2596707577525, 554.7520731467604, 540.8178178101471, 654.4248438512482, 593.101067179092, 521.1342914045285, 582.0241261719552, 514.4401544491869, 531.1199216637829], [565.6259917242648, 600.7000458411221, 606.6289459226952, 580.9801210735399, 620.6798702066377, 627.3252700328144, 548.7618589189401, 554.8431739516441, 583.8288888188517, 586.4788444258896, 252.93799898907812, 612.7053148858312, 584.4650429769442, 600.9722036109492, 586.5829602846311, 485.37361926842203, 572.3452884716885, 613.4805437850018, 527.4673674979327, 535.4652060230984]]}, "status": 0}