{"id": 45, "tid": 1356, "pos": [0.4888336019003777, 0.17827830503023034, 0.14052767970087987, 0.09333890674452108, 0.1680738208983732, 0.45241849083670266, 0.25666030941910745, 0.12022090112114857], "seed": [0, 1, 2], "data": [99, 89, -2.875778562392961, -3.2532887460438316, -2.6554094328130144, -0.38065207330637874, -1.9467175246471404, -3.0382327910308113], "results": {"cartpole swingup": [[827.5847288643716, 472.4564001944558, 841.3940550451982, 841.0930463481109, 837.2774604452961, 831.2519410773534, 838.3318878666104, 842.4763895431926, 737.2098741980097, 832.86863833013, 828.4657346741405, 833.9708993732507, 828.4405705287693, 465.5692883225837, 612.8983904723863, 830.9957471559145, 522.3299381382349, 829.9939423282349, 838.4571185069403, 839.3766201816732], [561.1318638230063, 566.6345607090741, 608.538344455399, 566.6463939951444, 405.3444438353394, 639.205961765833, 361.3515920782897, 412.96482709572564, 501.81654025621333, 486.27845724657976, 482.89136570178215, 373.53643758499015, 485.75023671742065, 471.55238284777494, 427.31058010986936, 713.8071703598395, 549.2490185358986, 504.1133648835776, 415.7727768170085, 418.48980732810486], [406.28067357196124, 508.983848628915, 395.72995984478587, 369.0790376504072, 370.21840657687477, 322.53932646501005, 343.361952143878, 410.42402107218646, 347.2999651605773, 350.45184881065416, 358.7734927634951, 470.72452110374775, 350.5765855745275, 429.71383800035716, 339.6147275496639, 316.7249953241475, 367.05473005330606, 441.08815688933544, 372.75244756853635, 398.1593986952375]], "cheetah run": [[60.9797605253642, 154.34347712970245, 250.19725631328666, 280.1601565383251, 268.5544159258902, 273.6210255604799, 49.54280919014712, 197.34841673058608, 103.89719077847658, 272.49924793697414, 268.8389140409343, 262.68700902478196, 217.73032018152878, 254.1157322555038, 276.5485628966925, 82.90217148509713, 320.39108660795455, 209.6086004465708, 258.3639724111219, 282.15678128233293], [317.04015770405886, 316.2264959332836, 308.1356330599845, 306.14248490968225, 322.48512057541257, 307.87039944140696, 302.5089036627268, 316.40589966016404, 300.27629935153243, 316.1391421855197, 301.7645311777313, 309.65988665916655, 319.9192063003331, 293.9702878931412, 301.788693624993, 297.75476342243684, 299.1173526989169, 309.16678691249194, 319.45415998435266, 313.5965008146002], [137.6896621061912, 315.44753265828683, 313.35130532124487, 346.46038151526443, 348.3906811213345, 300.4656582465836, 324.3765292904349, 332.2976643159484, 335.60462237022614, 159.10489213932217, 312.3221474734651, 128.1459814168678, 303.9453998218718, 188.7219145354266, 299.1696103605343, 385.3538353587199, 332.41172711111676, 232.28336637757332, 328.51535228793983, 301.5070334758687]], "reacher easy": [[11.0, 0, 0, 0, 4.0, 940.0, 49.0, 0, 470.0, 630.0, 0, 979.0, 958.0, 0, 5.0, 985.0, 962.0, 972.0, 5.0, 0], [985.0, 0, 7.0, 985.0, 825.0, 970.0, 8.0, 964.0, 0, 0, 554.0, 0, 0, 88.0, 0, 957.0, 0, 10.0, 983.0, 979.0], [967.0, 958.0, 978.0, 0, 7.0, 459.0, 546.0, 14.0, 0, 968.0, 973.0, 988.0, 151.0, 0, 994.0, 965.0, 0, 1000.0, 7.0, 225.0]], "ball_in_cup catch": [[895.0, 759.0, 727.0, 751.0, 842.0, 638.0, 866.0, 915.0, 528.0, 234.0, 949.0, 733.0, 887.0, 610.0, 988.0, 797.0, 910.0, 843.0, 953.0, 639.0], [0, 0, 968.0, 0, 663.0, 0, 988.0, 0, 393.0, 0, 0, 0, 0, 0, 0, 997.0, 0, 0, 0, 951.0], [0, 860.0, 693.0, 112.0, 683.0, 561.0, 624.0, 622.0, 386.0, 532.0, 317.0, 841.0, 920.0, 0, 898.0, 701.0, 0, 601.0, 622.0, 46.0]], "finger spin": [[836.0, 815.0, 836.0, 851.0, 845.0, 0, 847.0, 850.0, 864.0, 851.0, 837.0, 829.0, 845.0, 856.0, 803.0, 847.0, 850.0, 845.0, 828.0, 856.0], [773.0, 779.0, 768.0, 769.0, 782.0, 709.0, 743.0, 800.0, 720.0, 764.0, 791.0, 745.0, 788.0, 797.0, 739.0, 742.0, 781.0, 783.0, 725.0, 774.0], [809.0, 781.0, 798.0, 790.0, 799.0, 821.0, 822.0, 789.0, 797.0, 815.0, 800.0, 798.0, 818.0, 805.0, 818.0, 803.0, 805.0, 798.0, 787.0, 791.0]], "walker walk": [[447.36366141767627, 523.7790767415677, 431.92997135770713, 441.590961001404, 468.78300332218805, 439.71548878485606, 426.11473863813126, 446.7964547430219, 462.66769520792656, 361.223948281258, 519.2786656476446, 527.0292182843127, 515.2247640778842, 466.6596504943745, 478.0808407234154, 522.3600013716793, 452.11700868327165, 225.5794297244085, 116.39464123489613, 515.1108477496222], [724.0880041038508, 495.28318259382036, 611.3101190133734, 775.6923941978577, 651.2443063777727, 686.9657927045205, 835.7104491402063, 665.7204823389636, 601.6641022192821, 738.3548005168508, 731.993631689355, 723.7182112395847, 834.3592497118196, 655.6321160656944, 614.659247582947, 612.390243279516, 606.9626798654397, 670.0353251032444, 728.5937078657267, 729.0062266698848], [435.0966138057294, 437.5564253847407, 445.880345412443, 472.63983837319785, 505.3227728250362, 466.8957541375224, 500.0925147686299, 269.5955986509223, 199.44230949234236, 472.8451056778945, 399.7334057793602, 321.50773819723486, 490.22184992878283, 475.35566072404333, 351.97705110151844, 501.3989398432521, 134.55268553728217, 444.9333663852952, 460.82277703248536, 488.15309797133506]]}, "status": 0}