{"id": 9, "tid": 856, "pos": [0.20321200195585035, 0.20435552453732347, 0.18215690702968823, 0.010403420963983669, 0.0775242053050591, 0.5086930846668799, 0.34881549819117197, 0.0015430087409628035], "seed": [0, 1, 2], "data": [90, 90, -2.542744743762494, -3.9167726322881307, -3.379806357559527, 0.06954467733503922, -1.2094760144706242, -3.9876559300722976], "results": {"cartpole swingup": [[348.8476243563501, 405.57660898158855, 312.806585636034, 284.0643089147788, 284.00293995213787, 327.81501023522185, 332.06170206442994, 293.51027778871, 360.02385784023573, 283.18064727153615, 308.3322999617945, 397.05432980798685, 282.6448509602965, 441.7297484762187, 298.39164990025375, 412.5610157826781, 322.25275718601034, 273.8230683846742, 325.5801847793444, 285.7496695478747], [299.3277160569114, 370.3338773228183, 317.64536907185453, 403.73235847765295, 366.7501560504586, 323.2725386084918, 425.18165243193374, 397.7185707454389, 369.5645427459818, 298.5455173385441, 407.8267631926194, 409.53145768895405, 369.26047331180393, 326.56701154133873, 480.1746423109593, 351.11499700342523, 330.0590521213887, 413.37312934794954, 447.18859275954543, 358.17102690272577], [434.4165347334663, 508.0107075527222, 443.91845826927346, 560.8172101319384, 501.5580916802745, 487.2818580156525, 535.8413079331052, 687.7864220681216, 504.335630340389, 551.5066137586005, 576.6211259774569, 502.8848177859656, 491.7398997174551, 504.6874290245241, 572.6841909680055, 539.9057607138556, 505.6804965284652, 537.1418361501245, 494.2280131414091, 504.5493940305476]], "cheetah run": [[91.94660352204488, 351.78801527033363, 417.7082011662035, 390.9322826290791, 283.9670951355255, 401.3738140374065, 345.37735217770677, 356.0045766775355, 427.56027272844136, 410.543366675656, 366.201208630141, 179.3132920873417, 353.3168649813179, 409.52754215159405, 293.08020257514994, 413.88806536265713, 144.10028510558308, 362.29071734264596, 406.6685927456789, 379.0960758092093], [211.2843418162375, 211.71019915153863, 209.45853157917344, 216.43118548185515, 202.97636081733026, 217.1748501181623, 212.27573367295938, 211.50320148015862, 213.9368320297856, 201.12921542196568, 210.19034143761598, 215.4335145558067, 209.61870213453483, 208.45959289152464, 217.2675593054437, 213.41606888488275, 208.42150365626225, 211.7252794572966, 211.93921444872169, 209.3375459297168], [330.09292327844105, 114.05616498081174, 361.84825274859924, 342.19630498003323, 195.15010894281198, 315.97905115011156, 313.06714825254033, 325.4181136113368, 311.4572679320812, 139.9620744563128, 309.92663947590313, 314.48665219708647, 112.30959497218261, 298.37409489744965, 308.09132136800145, 235.34672509263942, 289.98463168875696, 316.3996257128196, 214.63104821545025, 220.49049611250106]], "reacher easy": [[4.0, 0, 970.0, 0, 997.0, 0, 972.0, 5.0, 8.0, 49.0, 7.0, 964.0, 991.0, 971.0, 970.0, 456.0, 952.0, 972.0, 7.0, 6.0], [985.0, 0, 0, 0, 955.0, 975.0, 288.0, 970.0, 23.0, 991.0, 930.0, 0, 0, 0, 0, 1000.0, 0, 981.0, 965.0, 954.0], [609.0, 965.0, 981.0, 0, 0, 0, 274.0, 0, 0, 3.0, 976.0, 4.0, 0, 5.0, 10.0, 963.0, 340.0, 1000.0, 0, 123.0]], "ball_in_cup catch": [[668.0, 554.0, 741.0, 705.0, 618.0, 717.0, 0, 590.0, 601.0, 836.0, 569.0, 867.0, 863.0, 507.0, 889.0, 848.0, 160.0, 825.0, 945.0, 860.0], [611.0, 991.0, 994.0, 658.0, 604.0, 149.0, 0, 0, 642.0, 0, 161.0, 718.0, 0, 272.0, 0, 1000.0, 929.0, 846.0, 0, 0], [405.0, 795.0, 0, 793.0, 439.0, 995.0, 557.0, 140.0, 886.0, 2.0, 0, 947.0, 870.0, 716.0, 0, 899.0, 693.0, 746.0, 763.0, 934.0]], "finger spin": [[858.0, 865.0, 852.0, 845.0, 850.0, 818.0, 820.0, 846.0, 841.0, 840.0, 851.0, 837.0, 861.0, 856.0, 791.0, 847.0, 829.0, 837.0, 850.0, 833.0], [824.0, 827.0, 846.0, 825.0, 805.0, 800.0, 827.0, 815.0, 818.0, 806.0, 799.0, 804.0, 804.0, 834.0, 796.0, 830.0, 773.0, 795.0, 814.0, 819.0], [823.0, 807.0, 775.0, 796.0, 822.0, 828.0, 817.0, 802.0, 833.0, 819.0, 821.0, 816.0, 817.0, 835.0, 813.0, 814.0, 801.0, 812.0, 819.0, 827.0]], "walker walk": [[416.7335394066756, 456.8713741276076, 296.21517973555467, 204.36386791460106, 479.0729070591764, 190.54436346106988, 500.60885784714753, 317.0084757857796, 459.53261544745385, 478.48248688363634, 85.07098747615102, 450.07029912094356, 416.86397059961587, 480.1310208117574, 411.9204552369353, 454.08494852289476, 348.1606285382093, 168.69952169236436, 462.48527305698184, 382.24016217277034], [741.4234630545649, 616.1649102599276, 709.6333827858093, 681.148424516459, 720.8112359929394, 645.7152455344011, 661.3209965613611, 636.1560597660176, 667.7525700419112, 717.5460582414137, 735.3598941006901, 698.1693792815427, 672.3013591814349, 649.0926396598056, 756.0323543890867, 657.275236560074, 617.3252615238457, 736.9365704323664, 719.5737615773882, 686.1244197846862], [705.85583435626, 665.1023853432251, 774.7445758118089, 734.6461163281294, 721.3469875959098, 739.8546447512364, 745.2652165737198, 766.0608117381481, 565.3868678124757, 685.1733305190863, 701.9200399030975, 730.5119002915295, 686.0231430919118, 722.5352331797445, 799.7753616927104, 698.5768825958593, 780.7830709246048, 663.1446753092522, 648.091241559905, 717.1474256423033]]}, "status": 0}