{"id": 4, "tid": 294, "pos": [0.1434021833326531, 0.11227440776945491, 0.20255022743427498, -0.0008572006666326057, -0.021935697070969207, 0.49906962361236185, 0.09971929663047212, 0.025897774169593657], "seed": [0, 1, 2], "data": [88, 87, -2.3795981805258, -4.0, -4.0, -0.007443011101105235, -3.202245626956223, -3.7928178066432507], "results": {"cartpole swingup": [[253.2924558153042, 272.0245963273525, 303.24789643762824, 248.05630402557534, 334.3363607046641, 320.8885768076726, 244.5264285850202, 346.69228772877545, 255.49609506178825, 234.22771624113716, 280.0360112772192, 338.926884168758, 331.35400802661655, 239.36462911263942, 259.0312512057803, 252.21066433123997, 213.62502396770998, 335.0298265290022, 244.48905387603094, 373.4653544933415], [511.43306818686045, 528.5433786494759, 747.7339449678753, 753.6939334359662, 530.5210849238528, 682.2057478976242, 472.79687899487953, 493.438806590524, 480.12869885586383, 474.6587166206276, 513.2317640186687, 676.0518056439198, 494.7844959584082, 752.8539265273571, 758.1163441149937, 464.8279037569968, 743.578546616112, 413.1259932258359, 750.0459562923239, 748.6539581242257], [393.6956930023036, 405.44063285837217, 535.56356126085, 542.4764779354082, 474.109873935091, 527.0455663965244, 353.95069457603313, 512.5436348735464, 257.4499483741259, 392.99904190436, 495.8069737030931, 364.1077766383145, 533.9103801997795, 345.1200781637746, 334.33947176895623, 241.201187056259, 458.08529188677875, 420.4330419625762, 405.8671829271123, 392.5501202068554]], "cheetah run": [[362.87586150005166, 134.7623142616456, 381.7525218278479, 372.9661849171154, 350.7263703501862, 396.40758195430294, 374.74195701910736, 389.36959575037, 387.6920027033671, 254.27632957651616, 27.506136875697454, 401.17645487202446, 388.75345344641227, 281.74564738732533, 347.68991528117124, 353.74905475381024, 316.74002686884825, 358.8721264044331, 299.96454664809113, 75.38101729799553], [181.07722658334964, 123.20572341694849, 120.83145352975373, 309.1832220252108, 228.1316838327179, 279.7206450221997, 307.91524218413895, 200.81611606310403, 296.0461947175037, 274.0470164777481, 324.7698507065119, 310.3315096297833, 104.0969564970225, 214.82155475025192, 293.4431572204158, 314.8357236935378, 197.31405790912402, 297.43232965626515, 288.1899081565415, 290.0292503201674], [272.42007384795863, 225.6130852215321, 277.91158994666546, 299.5502197860275, 292.0849337029689, 297.5043731031691, 276.6829230359352, 264.32831879358486, 344.67499110458624, 256.33669423489414, 72.26836446462882, 271.89277841409677, 166.4201573118983, 275.89495549968996, 246.40486397030804, 288.8338353415977, 180.0376190369651, 283.05247491870807, 276.35320234232825, 232.93941483362735]], "reacher easy": [[21.0, 0, 0, 2.0, 987.0, 992.0, 0, 0, 23.0, 958.0, 0, 0, 957.0, 0, 15.0, 2.0, 946.0, 965.0, 6.0, 0], [985.0, 0, 4.0, 978.0, 949.0, 974.0, 0, 0, 0, 985.0, 966.0, 0, 0, 980.0, 0, 991.0, 0, 0, 964.0, 966.0], [967.0, 927.0, 251.0, 0, 0, 948.0, 968.0, 0, 13.0, 0, 978.0, 984.0, 0, 0, 995.0, 414.0, 0, 1000.0, 0, 940.0]], "ball_in_cup catch": [[948.0, 902.0, 565.0, 916.0, 914.0, 847.0, 563.0, 914.0, 826.0, 708.0, 915.0, 914.0, 950.0, 950.0, 943.0, 715.0, 802.0, 915.0, 950.0, 307.0], [983.0, 102.0, 0, 799.0, 0, 0, 0, 319.0, 894.0, 0, 0, 0, 0, 983.0, 0, 997.0, 988.0, 986.0, 0, 0], [578.0, 938.0, 0, 0, 452.0, 0, 668.0, 861.0, 717.0, 188.0, 755.0, 558.0, 13.0, 272.0, 0, 851.0, 769.0, 672.0, 744.0, 811.0]], "finger spin": [[788.0, 808.0, 810.0, 800.0, 799.0, 813.0, 817.0, 822.0, 813.0, 816.0, 821.0, 807.0, 802.0, 806.0, 795.0, 813.0, 804.0, 775.0, 802.0, 799.0], [791.0, 789.0, 786.0, 786.0, 791.0, 785.0, 805.0, 793.0, 783.0, 794.0, 788.0, 798.0, 795.0, 794.0, 803.0, 783.0, 794.0, 800.0, 796.0, 793.0], [976.0, 984.0, 967.0, 956.0, 979.0, 972.0, 972.0, 970.0, 979.0, 968.0, 973.0, 988.0, 977.0, 991.0, 980.0, 968.0, 973.0, 975.0, 978.0, 987.0]], "walker walk": [[563.2151931268381, 530.18339929246, 463.216855636826, 483.35107713029174, 575.735373609106, 568.0842498595092, 511.0687713487737, 508.5214247042547, 483.53028999839853, 503.84638275004954, 515.3010799195949, 549.2958420175391, 529.6657153914618, 481.7741234890495, 500.48232971312, 480.6747052999072, 490.87064052245245, 537.795923261857, 449.65592602394827, 482.6779120403107], [571.8227903330974, 548.2036132053795, 484.19336411261423, 665.1518106552113, 618.3345521360726, 449.0221488156706, 643.3621122450704, 666.6223014988104, 412.7902365820581, 629.6629567011238, 500.69236930734, 626.170597078543, 643.0829984674284, 438.5147758480736, 465.9239125504606, 555.6068184325469, 611.2279093000739, 542.486227579695, 553.6763156290302, 641.7710498642474], [598.812290604176, 546.2984829828545, 525.3667996295005, 387.0356691474129, 538.0599004636537, 537.2695346674151, 532.5023988679841, 495.22892206785684, 506.6472934081852, 608.7825313969248, 583.1001508953755, 571.5095581832153, 631.1773549089098, 480.081118526042, 507.6774124852137, 527.4310027427456, 552.5129839800271, 534.3410697381453, 404.1585696176551, 577.0599087162259]]}, "status": 0}