{"id": 36, "tid": 1178, "pos": [0.23217045119244986, 0.15748961753508592, 0.2106541561034328, 0.08058591008613677, 0.193630268371111, 0.49704103101801833, 0.323447334121292, -0.010348413637929377], "seed": [0, 1, 2], "data": [91, 89, -2.3147667511725376, -3.3553127193109056, -2.4509578530311122, -0.02367175185585335, -1.412421327029664, -4.0], "results": {"cartpole swingup": [[619.9723633172664, 322.0543411595878, 462.566863476746, 478.9369543406552, 489.207456573496, 521.8887506776035, 545.8621847525004, 542.9740587610282, 523.6012716933496, 542.4531711032068, 531.6194830428418, 445.0756223272113, 469.5538434956918, 472.809645763008, 340.0630712601265, 612.1659790373697, 548.7407449050983, 481.0008237925056, 516.2040670175335, 524.7781285231081], [385.76729414649884, 398.0408507286115, 330.5291168255617, 360.27542547570806, 380.2397731424658, 341.8285221287611, 332.9587870722695, 393.39241504067905, 340.89738114809916, 412.33528118835886, 317.52885923935133, 373.82130245567106, 343.38928291549155, 365.35485877085114, 332.3006081400942, 342.64414739606923, 370.1603926214711, 386.89801286809194, 400.64443020181113, 404.8418614567848], [549.6977994879579, 525.1137046748697, 421.1273820309345, 627.0107029769299, 444.2177807368639, 471.7028536279552, 522.6842034164247, 500.30528242370843, 574.3964811670377, 615.3547385524466, 574.7486200950094, 606.9195703917286, 429.5029678884613, 477.29210056939127, 627.8475282301595, 546.4246989767413, 549.1238042451512, 500.03259391516673, 497.0369701214983, 551.0353773786373]], "cheetah run": [[310.39446232796826, 150.51412935800215, 239.6442741441843, 67.79822887829336, 255.672494726062, 80.94968039345049, 109.4448053202299, 257.3297236519994, 69.77599283887922, 189.29676334958816, 235.97005272482946, 137.06674707762076, 123.61767528896097, 30.847677690722758, 248.90790597875622, 105.46559990533125, 293.1970854063987, 158.9620842938139, 188.05181411618338, 263.48735585316007], [325.16491487780416, 153.35388600275616, 373.78290350085484, 318.64348536104023, 381.5718263939029, 381.74036678916934, 345.62844118579636, 318.9882264673058, 377.2421293477027, 396.393849523673, 366.58508816249844, 357.33763669898184, 263.1615833440387, 339.7921099960756, 299.322798663206, 262.3276045801335, 422.75695339069057, 348.58131942699146, 330.8178344872584, 355.578713036441], [91.77107491202894, 259.80476614756134, 106.6521320791548, 254.1204312731908, 248.15015617009982, 274.6905967411545, 270.7358468832725, 128.81195242212215, 252.43258938603464, 277.46600160491795, 264.63316104519095, 259.62413731570985, 277.13340068506767, 137.52475374121957, 168.56208540088244, 266.8865070461152, 256.3999279639306, 254.1638792612398, 192.8676316901121, 260.0427385045075]], "reacher easy": [[0, 0, 970.0, 5.0, 36.0, 946.0, 0, 7.0, 10.0, 12.0, 0, 0, 987.0, 4.0, 943.0, 126.0, 978.0, 974.0, 8.0, 3.0], [985.0, 6.0, 10.0, 909.0, 962.0, 0, 0, 0, 0, 0, 966.0, 975.0, 7.0, 30.0, 0, 5.0, 0, 10.0, 983.0, 711.0], [951.0, 965.0, 982.0, 0, 0, 7.0, 2.0, 0, 8.0, 958.0, 974.0, 0, 5.0, 978.0, 993.0, 966.0, 15.0, 1000.0, 53.0, 0]], "ball_in_cup catch": [[933.0, 826.0, 929.0, 954.0, 954.0, 777.0, 906.0, 953.0, 824.0, 926.0, 948.0, 839.0, 908.0, 832.0, 987.0, 988.0, 817.0, 908.0, 953.0, 841.0], [419.0, 338.0, 723.0, 778.0, 834.0, 930.0, 172.0, 160.0, 644.0, 610.0, 865.0, 346.0, 722.0, 822.0, 850.0, 996.0, 767.0, 778.0, 962.0, 957.0], [228.0, 0, 0, 313.0, 797.0, 811.0, 850.0, 0, 0, 0, 0, 790.0, 0, 818.0, 857.0, 0, 0, 174.0, 0, 617.0]], "finger spin": [[809.0, 819.0, 838.0, 811.0, 828.0, 810.0, 824.0, 834.0, 826.0, 834.0, 839.0, 809.0, 829.0, 836.0, 802.0, 833.0, 818.0, 827.0, 829.0, 783.0], [771.0, 760.0, 790.0, 764.0, 788.0, 777.0, 788.0, 754.0, 767.0, 772.0, 779.0, 772.0, 760.0, 795.0, 772.0, 782.0, 788.0, 778.0, 784.0, 794.0], [797.0, 740.0, 774.0, 774.0, 754.0, 714.0, 763.0, 711.0, 763.0, 730.0, 820.0, 779.0, 784.0, 759.0, 781.0, 689.0, 790.0, 741.0, 691.0, 771.0]], "walker walk": [[754.4536815941647, 680.5967768769551, 719.1457610493469, 685.6222964859261, 681.6678650495411, 639.5853176874319, 697.5745552784957, 598.6767365095463, 757.5445995048793, 597.3278383290401, 614.3348542633058, 705.2454157445135, 695.4393771895594, 702.6952229617524, 763.7634410958075, 690.6945688525651, 696.8391919433951, 768.3616914299226, 683.1381997707509, 741.3978574019658], [625.9308418504978, 503.27254566165425, 673.3278492884679, 676.7476912138442, 642.4249253982581, 511.7725933938989, 570.9356206532676, 615.5975006626743, 597.1022998794797, 594.7880198925119, 629.2453851018881, 659.2010159160159, 621.9893914028522, 724.6052479631995, 533.0038041218179, 640.6786455233741, 561.5671551974455, 594.3256117282481, 537.708423551242, 603.3945749886874], [495.0264036009249, 513.6315605121773, 521.4975797298627, 444.277921372343, 509.24376041583974, 517.9696759318239, 470.20490899442717, 486.28564162152384, 474.3201752104071, 416.86170153225373, 73.36424982556483, 490.03812469299965, 561.4946525409764, 566.0315971836922, 403.8759158710321, 423.83784364720134, 509.048877590275, 452.064783124032, 459.34007908011745, 537.8625060686536]]}, "status": 0}