{"id": 2, "tid": 1195, "pos": [0.24897767108153232, 0.15582495841832014, 0.22552056401490403, 0.03880386012371807, 0.22159087014311474, 0.5195931669657018, 0.29437335110551255, 0.12399001336360062], "seed": [0, 1, 2], "data": [91, 88, -2.1958354878807675, -3.6895691190102555, -2.227273038855082, 0.15674533572561433, -1.6450131911558996, -3.008079893091195], "results": {"cartpole swingup": [[573.896663104975, 392.792621704183, 466.14673416380634, 445.4365984382892, 492.62036333393075, 424.01124627679314, 403.40558199729827, 424.2427792282332, 485.14354614777267, 370.30149089135097, 494.1461506654041, 424.75899458869173, 414.4485875652319, 426.1187236375036, 421.2787261629919, 473.4754026739879, 454.76747587478286, 485.2181428278229, 453.2971086667568, 496.585567131666], [832.8068966518566, 721.6646581837219, 759.3672166806314, 762.4219021795284, 780.3980771320522, 844.0442604066569, 776.8047618751864, 845.4228661957802, 845.7920023540738, 838.6130461637747, 841.7910003527887, 777.3089638752544, 774.8678137796783, 844.9288874177672, 845.0465408852812, 769.8391017298761, 845.0848073701242, 787.4989751167168, 841.6421140253716, 786.1277499699411], [425.46818004103847, 361.5665566789183, 478.6446993518312, 500.600236857331, 451.2753156842011, 445.4738264113607, 435.9633518855701, 524.6232430000906, 427.6938892126603, 373.1607283270837, 435.2257466099671, 498.6603878016744, 424.23046579210734, 410.9213199166843, 476.4352829901364, 435.39884676200035, 383.7031361091152, 499.2668347734201, 427.7188415419073, 498.28718633136896]], "cheetah run": [[226.20379104256713, 231.93620442652053, 216.7501600193054, 240.3366398250517, 232.54224693132147, 235.62935342291976, 229.7048096817937, 232.5180867578752, 225.3424980790884, 221.58497124592316, 209.84513153989937, 244.45623981560465, 225.27131744413347, 223.2546809383891, 222.75639717176978, 211.7717221911475, 232.05137462627664, 237.7566473903322, 236.32980264271353, 224.3271433888187], [283.689719657948, 362.1246401835278, 241.44716353942263, 377.71171789504746, 341.488529342113, 70.08370790309573, 229.79766565849488, 212.5536970626275, 375.65403990897323, 182.20706244171888, 46.46902589734624, 395.1503637894251, 336.93741514961215, 340.214913692364, 382.64096812782475, 362.6645212354855, 156.09615932024138, 368.677130021147, 195.0861112299313, 246.47665237041022], [338.0471600177071, 342.883417676886, 298.5597806824836, 334.6287547049772, 336.8853908115443, 179.31487854021483, 281.7070685487928, 262.2475488202634, 200.9632826636381, 291.77020222881856, 293.56753305859536, 364.95946342635625, 303.01305897732965, 143.5702829102051, 263.4204675023011, 303.75789383638676, 277.17304549238423, 289.115664927507, 350.46740200503035, 109.17900907766504]], "reacher easy": [[0, 5.0, 967.0, 8.0, 4.0, 952.0, 0, 0, 8.0, 0, 0, 980.0, 992.0, 0, 9.0, 0, 958.0, 0, 7.0, 0], [967.0, 721.0, 406.0, 6.0, 8.0, 972.0, 10.0, 967.0, 0, 9.0, 943.0, 970.0, 0, 9.0, 0, 1000.0, 0, 13.0, 965.0, 971.0], [53.0, 561.0, 982.0, 963.0, 0, 0, 8.0, 0, 0, 0, 618.0, 0, 963.0, 0, 993.0, 961.0, 952.0, 733.0, 173.0, 2.0]], "ball_in_cup catch": [[897.0, 346.0, 987.0, 0, 0, 925.0, 57.0, 0, 94.0, 989.0, 762.0, 0, 0, 0, 0, 290.0, 982.0, 552.0, 0, 687.0], [30.0, 938.0, 584.0, 924.0, 923.0, 686.0, 974.0, 440.0, 837.0, 900.0, 577.0, 954.0, 788.0, 879.0, 775.0, 998.0, 954.0, 954.0, 949.0, 811.0], [0, 0, 0, 0, 0, 952.0, 0, 0, 0, 607.0, 0, 78.0, 0, 551.0, 701.0, 461.0, 955.0, 0, 0, 0]], "finger spin": [[823.0, 844.0, 824.0, 829.0, 835.0, 799.0, 815.0, 814.0, 841.0, 837.0, 840.0, 822.0, 820.0, 841.0, 817.0, 821.0, 836.0, 829.0, 824.0, 831.0], [793.0, 783.0, 792.0, 796.0, 788.0, 792.0, 796.0, 784.0, 799.0, 791.0, 807.0, 792.0, 794.0, 790.0, 792.0, 785.0, 794.0, 775.0, 799.0, 802.0], [748.0, 761.0, 735.0, 768.0, 751.0, 756.0, 742.0, 756.0, 761.0, 781.0, 753.0, 780.0, 768.0, 761.0, 778.0, 748.0, 751.0, 778.0, 774.0, 738.0]], "walker walk": [[583.7813699913474, 809.0659595641798, 676.7922803131028, 636.3406587164354, 727.0035940385392, 629.9164330497053, 722.9889359841623, 697.3409447627308, 748.7943731081435, 670.9614078253867, 669.3795120465118, 764.8153278678323, 721.6436059743929, 722.0789473201816, 650.2913143563458, 691.4363218035343, 561.036400574145, 633.4756810515121, 690.6051191259384, 709.8927461707575], [617.653601212851, 670.0555443849876, 307.31535402412953, 604.5030395193525, 646.3602122083765, 603.203467198016, 584.6068579961786, 637.4292442515393, 566.5361022391726, 619.2540720094878, 616.4639174282676, 625.3537118671943, 610.861792858079, 634.0860719402892, 608.8060307965286, 567.8054444062793, 664.6338153923574, 553.6776244679043, 650.4436979419709, 651.6463654790584], [56.08351327250432, 463.88709165966185, 574.7425749407437, 576.370076455659, 439.37513717508745, 408.0204656206401, 576.0156568488848, 465.40701769962675, 546.0328310342109, 527.143250565922, 460.58261165794556, 526.5432138757453, 489.9827703399625, 413.202528943541, 452.98283481307345, 517.2580991548988, 461.53953098903236, 527.3460844346876, 191.16034773742575, 483.71067415669677]]}, "status": 0}