{"id": 16, "tid": 1259, "pos": [0.26084251702512246, 0.17363763307173935, 0.11709160736806307, 0.06583529962036096, 0.04201704843102422, 0.5185129316312813, 0.3790567942825858, 0.06697941468957537], "seed": [0, 1, 2], "data": [92, 89, -3.0632671410554955, -3.4733176030371125, -3.6638636125518063, 0.14810345305025052, -0.9675456457393135, -3.464164682483397], "results": {"cartpole swingup": [[354.79092508083227, 357.4529039869861, 371.6252070734523, 383.2983502582063, 380.692143318427, 406.6793612591471, 353.3765716760949, 370.54629963877414, 305.3786577278766, 375.71558766299796, 416.2624503693102, 436.76571657945317, 402.3727955511588, 366.39937277591184, 369.52183713028097, 246.45722906828908, 387.5209097369778, 360.57349525719604, 354.0329860189376, 341.1626827243481], [401.34969219888353, 301.11022351709676, 437.9821158437341, 386.16882331863684, 368.1182431817232, 402.6933382220293, 435.0608134868892, 399.6608731161273, 322.1424340878188, 343.8283706276019, 414.57500292504574, 333.319590913578, 384.2155863197049, 376.39471248149863, 369.4637369642971, 326.85550227172797, 362.0079911406927, 402.37994996411106, 302.27789816251476, 385.8831073758251], [740.550622987393, 673.4200609909492, 758.4575382390001, 631.1988167844509, 755.0630641287269, 734.4450750859552, 793.1989180424687, 703.8977912929661, 618.6209793318524, 811.6290912941348, 745.0407116335624, 689.3566742156545, 816.089149458595, 466.1785449314444, 466.1270288874315, 616.3683228537509, 817.8246511355189, 747.1292729256113, 693.2306043301667, 818.6474405069848]], "cheetah run": [[174.50893119688692, 290.2648271617386, 262.3160950819592, 324.95275176542725, 312.78210200702443, 297.38149065180556, 303.333587057077, 325.9412111414984, 314.57453825425466, 310.813604163222, 286.47329437820287, 309.50895199146527, 288.3995155794197, 322.7830571407412, 311.8852699154868, 310.84199738677347, 295.18058632341257, 322.12356694706114, 348.05917189921786, 305.1514165951667], [264.7180983053267, 274.143616565389, 289.6466665084789, 282.0181321658994, 283.8118257103951, 283.99942383765443, 291.39139147479597, 272.1345712768349, 272.600211870099, 280.9124664129443, 282.40020682785575, 272.08014757984967, 279.68187912918773, 286.2935016906611, 267.10483655589724, 262.31251899568616, 264.8245189475108, 269.3891021720658, 269.23888191183835, 275.34274329835307], [298.19880972423016, 297.22396214881155, 309.5946562819512, 303.49139670929594, 287.6641188427121, 303.2368613166755, 268.57073469200463, 313.394906974924, 84.31094601471221, 203.0111371153545, 305.3320099531358, 297.3787431820175, 277.10452526042326, 277.6916749115976, 266.9271434509529, 281.5238453506852, 287.6353128683101, 288.59555717425667, 268.77012827664004, 274.4162578391094]], "reacher easy": [[358.0, 34.0, 64.0, 9.0, 5.0, 0, 39.0, 1.0, 333.0, 0, 0, 980.0, 963.0, 0, 969.0, 75.0, 970.0, 969.0, 7.0, 0], [985.0, 13.0, 9.0, 978.0, 958.0, 963.0, 0, 0, 15.0, 0, 0, 970.0, 0, 976.0, 138.0, 0, 0, 970.0, 959.0, 979.0], [939.0, 963.0, 982.0, 901.0, 0, 977.0, 710.0, 0, 0, 5.0, 843.0, 0, 875.0, 0, 0, 965.0, 956.0, 185.0, 5.0, 930.0]], "ball_in_cup catch": [[421.0, 0, 0, 336.0, 0, 0, 0, 200.0, 60.0, 444.0, 0, 449.0, 0, 347.0, 0, 773.0, 0, 129.0, 0, 0], [949.0, 529.0, 944.0, 954.0, 0, 765.0, 988.0, 520.0, 0, 987.0, 951.0, 863.0, 632.0, 942.0, 137.0, 1000.0, 400.0, 845.0, 817.0, 559.0], [492.0, 386.0, 74.0, 198.0, 910.0, 981.0, 621.0, 0, 987.0, 867.0, 24.0, 374.0, 0, 721.0, 718.0, 623.0, 803.0, 576.0, 646.0, 631.0]], "finger spin": [[861.0, 870.0, 861.0, 858.0, 860.0, 848.0, 861.0, 865.0, 867.0, 868.0, 867.0, 854.0, 868.0, 874.0, 844.0, 868.0, 864.0, 866.0, 847.0, 856.0], [795.0, 792.0, 775.0, 791.0, 810.0, 785.0, 803.0, 793.0, 785.0, 793.0, 786.0, 789.0, 800.0, 799.0, 797.0, 797.0, 806.0, 792.0, 790.0, 804.0], [820.0, 812.0, 805.0, 812.0, 796.0, 803.0, 808.0, 791.0, 809.0, 805.0, 791.0, 821.0, 802.0, 815.0, 816.0, 814.0, 802.0, 811.0, 805.0, 807.0]], "walker walk": [[806.0352128395958, 726.0778634468597, 672.6961138558414, 733.5567053614401, 724.8411769195848, 581.7784709054018, 603.931600785046, 656.7911488302846, 645.4327286759584, 678.4820399541215, 585.4263674056275, 616.0619210385815, 627.3619572628836, 718.4804946494088, 655.9368554703187, 577.9980977508598, 685.9778797338912, 674.9740795741088, 674.8410656279511, 705.5945076278927], [455.6069605943447, 554.8566598948933, 56.681589943475714, 443.50068839225463, 167.17494098916026, 493.1303866907906, 523.7197672750425, 462.6987929005871, 451.3949928706853, 500.0383284491096, 396.4562802055307, 404.5788343900217, 458.4082506792457, 541.6491809664808, 245.45075410558596, 515.6549479541719, 523.697840702718, 466.13303831731344, 444.3884033345968, 402.58979041289325], [628.2995836611221, 723.235209293709, 563.8499758435852, 639.3626563644223, 616.8090944225237, 568.2721350566371, 594.7228818833312, 547.5155372264078, 725.8050676699963, 611.7148299474076, 653.5264467748594, 488.92599775183237, 574.0961473302301, 675.063905031012, 639.1971781596231, 678.9444369496102, 601.2932383841659, 472.18507841454, 448.82065957719436, 522.3685655626371]]}, "status": 0}