{"id": 22, "tid": 694, "pos": [0.15852760813828515, 0.1321352864435639, 0.19377623037963393, 0.0017496125414229596, 0.0472483321943063, 0.4807248143560644, 0.27549741620475304, 0.040482515925984966], "seed": [0, 1, 2], "data": [89, 88, -2.4497901569629286, -3.986003099668616, -3.6220133424455496, -0.1542014851514848, -1.7960206703619757, -3.6761398725921204], "results": {"cartpole swingup": [[268.43072653115195, 221.18846286689524, 270.9219852543573, 264.12288799177367, 281.94784401961437, 393.63446465407, 374.6975281877066, 356.92114018330716, 487.942660694416, 187.22191905733547, 332.3832915817609, 205.4477910803944, 270.9204026957181, 211.67683594862442, 190.9976742188458, 192.51265168523017, 195.5644276734845, 330.56767142140257, 280.90193905180587, 214.03423753271056], [432.4445058089311, 399.46271994102307, 496.80989467178495, 391.9811130103317, 417.87367765895453, 365.62750747794064, 367.7034478781384, 355.13386873058954, 502.8907086788189, 384.950557841021, 372.22237404256896, 368.5113824087635, 391.5012715259581, 416.37735954047787, 390.746325620967, 399.760402415768, 341.59486047947524, 443.0524260296576, 429.588180644842, 386.6955660039874], [489.4618051675287, 397.21772928818496, 391.7860843441614, 420.00748770547733, 483.19020222445533, 429.32549230434284, 375.70219742582805, 399.13770213683944, 499.5718624060508, 413.10697583993283, 451.09898599721777, 414.89732984759775, 525.3574351646625, 457.9633981371737, 481.65831736983296, 420.2824314267577, 485.9411794513081, 370.1853111979867, 390.1041005932739, 547.3224691764539]], "cheetah run": [[426.7638393660296, 419.25064866356047, 407.68547014270143, 412.73493280906575, 426.4359849307751, 392.39034373402876, 425.3563649816212, 410.96318210057905, 380.92730220334266, 424.6118524771787, 411.85547930849907, 384.34524807914715, 381.576729452452, 398.0172564159356, 385.4413774394255, 410.0329620624282, 372.8607933961294, 410.15195639599455, 409.9863230221259, 435.37325368606605], [265.43156670531073, 82.10362282010348, 306.40647337138137, 275.4861002971273, 253.87733307926726, 297.5179274798095, 275.22187300196225, 283.3680183584616, 293.7532301592445, 263.38668406705955, 266.5800844452612, 282.86542364457586, 266.4069018085881, 275.4220108345455, 289.0412360897595, 276.01249379444124, 266.87389359557295, 262.1344101072039, 231.02087666619744, 241.38597452793843], [204.465456569867, 204.2709291070502, 240.39764706657576, 203.44400833484417, 222.11991690740916, 232.10630070955733, 244.48853913007423, 227.25346788255686, 96.55693191994618, 233.22470799459413, 237.0939706399617, 228.6988861683349, 219.8588876473955, 243.07177065045005, 233.74049111548118, 208.69879948892765, 241.44632847285692, 210.24477806736974, 201.4537037556174, 223.1501669244154]], "reacher easy": [[0, 2.0, 0, 0, 23.0, 961.0, 962.0, 1.0, 7.0, 972.0, 0, 968.0, 992.0, 0, 943.0, 0, 982.0, 970.0, 6.0, 0], [963.0, 7.0, 0, 908.0, 954.0, 972.0, 0, 857.0, 0, 0, 944.0, 972.0, 0, 972.0, 6.0, 1000.0, 0, 299.0, 932.0, 972.0], [952.0, 960.0, 954.0, 0, 968.0, 0, 9.0, 0, 840.0, 881.0, 974.0, 987.0, 5.0, 966.0, 995.0, 950.0, 965.0, 1000.0, 0, 0]], "ball_in_cup catch": [[0, 0, 0, 117.0, 881.0, 0, 0, 0, 0, 0, 0, 927.0, 926.0, 0, 0, 0, 0, 847.0, 0, 440.0], [747.0, 995.0, 993.0, 49.0, 842.0, 712.0, 893.0, 390.0, 849.0, 599.0, 740.0, 734.0, 0, 553.0, 746.0, 1000.0, 545.0, 945.0, 821.0, 0], [0, 0, 0, 0, 0, 0, 0, 0, 996.0, 0, 0, 0, 0, 0, 0, 0, 0, 0, 0, 0]], "finger spin": [[802.0, 798.0, 815.0, 811.0, 807.0, 0, 818.0, 797.0, 809.0, 818.0, 807.0, 806.0, 814.0, 817.0, 795.0, 812.0, 809.0, 801.0, 810.0, 795.0], [826.0, 837.0, 850.0, 798.0, 840.0, 844.0, 847.0, 842.0, 821.0, 827.0, 833.0, 832.0, 863.0, 847.0, 828.0, 841.0, 867.0, 843.0, 856.0, 856.0], [805.0, 808.0, 777.0, 761.0, 808.0, 805.0, 781.0, 788.0, 802.0, 808.0, 786.0, 790.0, 816.0, 763.0, 805.0, 796.0, 798.0, 791.0, 807.0, 811.0]], "walker walk": [[719.2355425905266, 704.5174883474517, 671.5042559357222, 819.6028881204553, 626.5387512016972, 686.3099384187367, 576.9889376034214, 690.3543920031219, 703.629584852434, 627.1181675903794, 658.8068713686588, 790.484791256462, 755.448076410992, 771.649905225168, 700.0074048146163, 767.2083880596115, 606.3163719490013, 707.2397900011206, 785.7714068775176, 690.6747900735369], [616.069713484064, 713.5412288805863, 591.4018073849696, 604.8221210624138, 61.26175159971396, 607.1558797070337, 533.3304825262862, 673.4659858610487, 609.404399436329, 620.2218055692141, 648.2613363416219, 675.1400110438764, 489.7813589743938, 628.6437688394892, 613.600055833262, 588.3195703862747, 576.5156462838694, 650.5193680891746, 635.6872325679617, 585.9291771695903], [751.7295001338216, 676.5101169757202, 747.9049673891781, 252.7922720105776, 707.0584540259805, 670.3791990377042, 553.9036987691463, 666.5075760278821, 686.7132911023671, 677.4497025177089, 522.4587219040372, 747.6367107864396, 762.7155722381899, 749.4713601596349, 576.0810193162075, 696.0940972110565, 709.0108998205742, 793.6906819448405, 696.2921236209636, 175.4714140490367]]}, "status": 0}