{"id": 25, "tid": 1330, "pos": [0.282294526764719, 0.1585410988690267, 0.18371767126796978, 0.04242904967770596, 0.11652090797732363, 0.5054018803823235, 0.267162607344514, 0.055677116799828064], "seed": [0, 1, 2], "data": [93, 89, -2.5302586298562417, -3.6605676025783525, -3.067832736181411, 0.04321504305858781, -1.8626991412438878, -3.5545830656013755], "results": {"cartpole swingup": [[627.4500799742597, 568.4322867274728, 605.1021358403028, 638.693415834199, 623.6560266857155, 635.579746787902, 626.1344764321002, 503.73684351334816, 635.3009696977298, 634.9878614779421, 478.3680084780602, 635.6947918231324, 628.2506923879067, 625.4242638257512, 531.1656912372986, 288.587773107388, 633.924691112592, 622.0839777804644, 627.2005995457504, 631.2660791985677], [424.6324321377545, 355.46480911173563, 365.30162922757904, 370.47884450025896, 434.79715293892923, 375.6018480127772, 433.3035979456846, 358.00734355973646, 406.3239444104013, 441.9003132255757, 357.0046650053648, 365.16619300879853, 421.64984014644614, 463.2358337345562, 337.8612204375624, 359.03475213807087, 408.63056992991346, 378.86265569476274, 407.798187188089, 367.52269597389306], [646.9111792612356, 471.98129393140454, 779.7685112011148, 619.7268134208241, 399.90652326417035, 788.2394451614923, 568.7610594668629, 711.1499434735107, 777.5869913291307, 479.78423639275763, 541.5797417446946, 779.673329629658, 787.9711942504994, 779.0123676499933, 785.8601631142559, 473.15317928710436, 788.7389891023741, 553.3074286095085, 698.2221537898121, 627.3667412210126]], "cheetah run": [[139.8994073938902, 357.9669622059, 364.9509559227973, 232.5487511551153, 368.92723148996356, 362.27588761934305, 326.45712550876567, 368.6644539584935, 356.17833671196354, 369.8818661922511, 396.623963956198, 127.0818716365745, 337.99954632669375, 362.33456849252457, 347.4343624996784, 359.0972776690888, 158.3638260050875, 123.46613328731337, 369.15477611783103, 325.28815532025715], [196.14772796929893, 80.42906153032773, 435.41457838679634, 433.30011878891, 406.3581678986249, 425.2687351354943, 415.49604365974335, 445.43142864338324, 427.5554164120705, 422.74377821783133, 425.01426495686235, 411.6195297688795, 421.40341422738663, 440.97880454884705, 402.01632425000304, 362.94733802527327, 413.2265779874913, 425.48033200909754, 371.1786922532788, 382.89638680188006], [104.41725815208962, 72.18763948376248, 70.72103091926736, 51.94170665037366, 43.742479685060815, 44.01121769286927, 34.87593890428186, 55.083489229187144, 26.55163801903915, 48.800227229637564, 37.8686519918551, 71.0980576731188, 53.874079191458335, 45.973147826043906, 37.57773254922866, 24.720529467960063, 46.497553598729354, 38.1813438493722, 26.64704241398199, 42.866850136955975]], "reacher easy": [[5.0, 0, 962.0, 0, 998.0, 951.0, 0, 0, 8.0, 980.0, 627.0, 982.0, 945.0, 0, 949.0, 0, 981.0, 935.0, 9.0, 0], [985.0, 0, 0, 131.0, 20.0, 0, 495.0, 987.0, 0, 0, 993.0, 974.0, 0, 838.0, 0, 0, 0, 10.0, 966.0, 4.0], [886.0, 947.0, 975.0, 2.0, 0, 2.0, 9.0, 0, 0, 3.0, 943.0, 0, 904.0, 4.0, 994.0, 699.0, 0, 1000.0, 0, 943.0]], "ball_in_cup catch": [[762.0, 102.0, 907.0, 749.0, 765.0, 919.0, 783.0, 915.0, 921.0, 512.0, 661.0, 849.0, 792.0, 781.0, 800.0, 813.0, 0, 429.0, 952.0, 949.0], [597.0, 995.0, 995.0, 0, 630.0, 243.0, 906.0, 722.0, 0, 0, 204.0, 0, 0, 452.0, 0, 1000.0, 0, 0, 338.0, 0], [262.0, 774.0, 663.0, 0, 27.0, 259.0, 0, 212.0, 258.0, 797.0, 579.0, 0, 0, 0, 0, 809.0, 0, 581.0, 0, 619.0]], "finger spin": [[818.0, 824.0, 822.0, 802.0, 794.0, 801.0, 824.0, 824.0, 800.0, 822.0, 803.0, 811.0, 821.0, 824.0, 820.0, 828.0, 818.0, 815.0, 816.0, 817.0], [828.0, 806.0, 799.0, 803.0, 799.0, 816.0, 793.0, 818.0, 787.0, 801.0, 793.0, 792.0, 774.0, 796.0, 790.0, 801.0, 794.0, 758.0, 810.0, 812.0], [788.0, 805.0, 782.0, 806.0, 822.0, 812.0, 808.0, 793.0, 807.0, 793.0, 775.0, 811.0, 824.0, 789.0, 816.0, 812.0, 814.0, 819.0, 806.0, 820.0]], "walker walk": [[499.7434630893873, 636.1812474348528, 491.7475629949814, 465.27258842503863, 509.7157178091849, 514.1207553181522, 471.67222820669474, 589.500086287815, 622.2561043967049, 417.3990223900076, 482.8998499662576, 621.5145546773801, 588.845231027583, 470.0259309133325, 538.66280861349, 465.0385737890899, 511.7213488960643, 583.5227980666839, 531.6764506612238, 555.3812452933302], [793.8687786136229, 824.5498974641281, 840.298817925461, 860.8384476302191, 861.5548474974131, 817.1271651035917, 783.2914387268556, 796.3085514221914, 847.6254576256183, 843.22216600343, 808.5569591737731, 779.8041865599093, 816.4585981257073, 845.2634177275106, 876.963468485355, 843.5109835119179, 779.8627746340406, 833.7349265760714, 824.1634417255614, 723.4756849501146], [539.5765295861135, 513.5561562624681, 573.5825936824813, 471.2143105985325, 523.1502234536712, 379.12877556468476, 550.2784822251452, 531.3035554847004, 543.3941340339207, 477.14357038767736, 485.1632433913041, 437.6353291966421, 568.7579647648074, 464.6741828279377, 517.933148938931, 527.170224194468, 543.289035929641, 521.9569964141065, 479.1697106540732, 474.1550837457313]]}, "status": 0}