{"id": 14, "tid": 922, "pos": [0.25963698174660477, 0.16794712618838234, 0.16545328886834382, 0.040122571170466546, 0.10994509589601259, 0.48924709956945317, 0.2699461388245299, 0.075571435872716], "seed": [0, 1, 2], "data": [92, 89, -2.6763736890532495, -3.679019430636268, -3.1204392328318993, -0.08602320344437464, -1.8404308894037609, -3.395428513018272], "results": {"cartpole swingup": [[321.8097523254405, 565.9502754801325, 416.8487356365578, 388.74366966204235, 446.1293231493354, 386.0553425633336, 363.29829297454006, 362.85221647693567, 617.3550122373579, 359.39974968670737, 426.30252229442124, 475.7231923360142, 365.5333230324349, 308.45023375276014, 476.5471653966252, 391.433687853823, 439.4463068893904, 327.34855833088295, 383.09380714633306, 401.6270768203968], [431.1222744601229, 421.66317930864705, 435.84693548599154, 370.6130641912586, 441.86140375947764, 381.3849414073306, 417.0008003301991, 442.81398241542485, 447.8257176570971, 406.8584115055956, 397.5808103213319, 443.964949604428, 422.1190464179244, 405.5154117122968, 365.3899418290427, 409.66854990477975, 436.7667643729854, 388.0141307364568, 472.2790552382935, 418.59058241112865], [499.33686064608054, 422.2295607228099, 407.7701130432198, 469.70045025256655, 427.59838506247326, 490.32211619658364, 375.5141622353436, 426.86215051119865, 374.4633233012886, 439.6455708448524, 388.40028217030965, 419.4797667318761, 502.291945093002, 501.72127665224986, 503.2903898667072, 432.0746310480099, 436.81203295960324, 482.53355370058256, 429.9461903874262, 433.1210495507313]], "cheetah run": [[251.34142596106963, 255.55109913142755, 252.19895165067393, 254.29673505197604, 243.78420711236492, 249.29217506716103, 248.3198306755581, 250.68512220990513, 253.38556233494978, 250.08150212956153, 244.2891126872045, 247.5969593159982, 240.69055123063762, 240.2945260530416, 254.77868972075518, 248.0057501826717, 251.43381505882942, 249.21939304312488, 251.36386146163622, 252.20562492785186], [231.80222795381678, 217.88426575629524, 242.5574259184692, 246.63439335403555, 258.8816598099164, 260.0937186570894, 244.91472980747832, 242.02868999946375, 270.40069724912274, 256.94377363163085, 257.1435970081995, 271.394891742573, 260.7324065199951, 269.72350929120313, 260.25976770529394, 50.495026029250596, 138.4351288424655, 275.2312669791327, 244.54183482314951, 247.29953018023235], [392.05625144450516, 416.27211447635233, 410.7134661608999, 394.3387516256299, 329.3777058292803, 353.03441605269717, 390.1456751453287, 390.71207865447553, 379.6413399058494, 390.61521519218815, 392.16570762205174, 243.2014739695, 178.8256669196424, 313.22023724502156, 374.23480214984335, 430.05704381784864, 374.7195244537285, 236.40721439776945, 363.182850556754, 418.81926208442235]], "reacher easy": [[0, 208.0, 929.0, 0, 958.0, 948.0, 958.0, 0, 7.0, 980.0, 0, 943.0, 962.0, 0, 994.0, 0, 981.0, 971.0, 3.0, 0], [958.0, 0, 0, 941.0, 958.0, 948.0, 0, 988.0, 0, 0, 993.0, 971.0, 0, 0, 0, 991.0, 0, 815.0, 940.0, 797.0], [972.0, 962.0, 944.0, 10.0, 0, 0, 839.0, 0, 0, 4.0, 978.0, 0, 615.0, 15.0, 995.0, 963.0, 962.0, 1000.0, 8.0, 919.0]], "ball_in_cup catch": [[434.0, 94.0, 895.0, 920.0, 955.0, 704.0, 740.0, 792.0, 179.0, 872.0, 893.0, 924.0, 0, 708.0, 917.0, 702.0, 674.0, 315.0, 606.0, 0], [0, 982.0, 986.0, 634.0, 421.0, 323.0, 312.0, 512.0, 720.0, 277.0, 874.0, 190.0, 825.0, 874.0, 710.0, 1000.0, 913.0, 287.0, 336.0, 72.0], [117.0, 668.0, 0, 408.0, 0, 0, 0, 0, 0, 0, 0, 533.0, 0, 0, 0, 0, 906.0, 0, 0, 0]], "finger spin": [[830.0, 850.0, 844.0, 849.0, 849.0, 0, 812.0, 833.0, 834.0, 861.0, 833.0, 838.0, 835.0, 864.0, 834.0, 842.0, 829.0, 852.0, 842.0, 850.0], [825.0, 834.0, 827.0, 810.0, 829.0, 845.0, 856.0, 812.0, 829.0, 832.0, 830.0, 845.0, 799.0, 834.0, 821.0, 852.0, 827.0, 816.0, 815.0, 850.0], [783.0, 745.0, 737.0, 773.0, 785.0, 750.0, 795.0, 789.0, 763.0, 793.0, 778.0, 799.0, 806.0, 777.0, 767.0, 798.0, 788.0, 787.0, 788.0, 774.0]], "walker walk": [[827.1612779515916, 810.7340662356364, 794.3998160695801, 800.3765774112562, 755.1860794220694, 830.5047447904959, 834.1034919606088, 779.9494274549547, 815.6873054537152, 600.8735577750464, 807.9005895878081, 772.0731131101238, 775.5682824025573, 758.7916137835222, 259.0801734054146, 785.7134388021441, 621.4711539637509, 225.95867759331654, 677.9788544495664, 772.6412639945637], [785.8352258761906, 779.8397521738399, 806.7733479614885, 814.432519968395, 757.2349347156885, 797.7404249851, 844.4446904799597, 820.7581372315822, 765.8503857889517, 813.2452787084461, 728.8550486684697, 348.37386437438005, 759.8159752362203, 843.756960479408, 811.6880300068186, 712.0907927628064, 10.238109026877217, 772.4365733734785, 760.9723341877648, 812.0174754124116], [581.1596325754792, 771.9185618685045, 768.5515639427681, 821.2054366493628, 789.9874716817257, 820.2308419598477, 834.1647958830523, 797.6400537678616, 835.6035421578871, 711.8152517447656, 721.3362273740881, 637.2581961705963, 788.2826553619514, 777.4899423788569, 769.6315798115667, 759.8041605400498, 824.4787961176936, 750.6514876902085, 841.4773847814598, 800.5279521743523]]}, "status": 0}