{"id": 45, "tid": 1300, "pos": [0.5888336019003777, 0.1593394299900378, 0.2014732838857922, 0.04399508572230704, 0.14344423076264695, 0.45882384535013876, 0.22159060265255537, 0.12247905626145313], "seed": [0, 1, 2], "data": [102, 89, -2.3882137289136622, -3.6480393142215437, -2.8524461538988244, -0.3294092371988899, -2.227275178779557, -3.020167549908375], "results": {"cartpole swingup": [[401.44121110663104, 394.41275570646286, 472.2055441243948, 429.05426417491896, 393.3102221382982, 344.80872585564265, 416.6607944018643, 376.2003279203896, 435.3925761684312, 414.1637456299114, 451.7775242364987, 452.7912019430035, 380.1544630257681, 404.22251380181456, 457.19787835301787, 485.03738561227135, 373.28094687942274, 586.6040648041803, 383.1403447264467, 417.2357931813717], [308.6786937291691, 316.0535247324425, 326.9770110055865, 313.2568884541198, 304.92382084252677, 315.3950585930986, 313.6277020313243, 315.03994683066566, 333.49869516463343, 346.65930288258846, 317.69105066678134, 362.4709656602041, 347.45636243885167, 310.8440062743242, 423.0944850873342, 310.54302619046024, 310.8024014719951, 372.7419466398036, 373.24174267329226, 332.9208384977839], [786.3137958349221, 568.7281278461237, 456.9404942174459, 684.4819704025128, 666.2459835367642, 488.49989571484736, 672.3416351223624, 724.4571916088631, 730.32243279839, 848.1193711441954, 791.0612807779956, 643.1631804448086, 684.603502691151, 492.30555343259806, 636.1355479323457, 443.81237024696674, 713.008353998874, 714.5967861354612, 542.6130486742691, 637.2372468776458]], "cheetah run": [[261.38157404894974, 271.25031679790203, 255.28311145326728, 259.1035891448516, 275.14647628854925, 264.57242993421784, 258.4750162090181, 257.6341161861446, 258.1547998561308, 264.1153726386793, 272.0637600385027, 259.20557138400045, 269.73703531716285, 267.85161051581747, 273.2518017141635, 266.66259414792694, 260.957228981743, 260.26269804380496, 253.7282667653874, 257.72856287636625], [180.27279895034945, 222.02587233648353, 212.34685250585764, 188.06821805504495, 213.97411853470715, 198.93268290530122, 189.19788192357208, 173.825696392949, 219.87977120138527, 233.23122269233426, 237.59955245863955, 227.0531291847742, 204.74233729125456, 224.09676943295324, 217.58153840087252, 171.36734120806767, 217.67355949203053, 192.33786603546616, 207.21290247905836, 216.18886001099617], [238.92964605538842, 252.56458382312528, 247.42918914057103, 251.50236047668156, 241.0923642530194, 242.99000799247474, 251.72526614047115, 252.3087687601622, 237.96519995750498, 239.64346287551578, 236.6040568388099, 250.11181755105648, 242.1953880824064, 242.5769180725774, 244.32872753805063, 253.84781277433038, 245.36971793147868, 239.4207313706277, 253.15359019329324, 252.33070501020836]], "reacher easy": [[1.0, 0, 950.0, 0, 18.0, 993.0, 599.0, 3.0, 8.0, 0, 6.0, 968.0, 0, 0, 869.0, 2.0, 967.0, 973.0, 0, 0], [985.0, 0, 0, 0, 961.0, 974.0, 0, 0, 0, 8.0, 949.0, 970.0, 4.0, 977.0, 0, 995.0, 45.0, 972.0, 965.0, 973.0], [970.0, 954.0, 0, 8.0, 0, 913.0, 7.0, 0, 0, 0, 976.0, 0, 10.0, 0, 404.0, 0, 0, 1000.0, 0, 950.0]], "ball_in_cup catch": [[940.0, 878.0, 976.0, 875.0, 890.0, 934.0, 906.0, 846.0, 917.0, 987.0, 663.0, 891.0, 927.0, 948.0, 811.0, 935.0, 987.0, 824.0, 803.0, 945.0], [0, 977.0, 985.0, 0, 0, 0, 0, 0, 861.0, 0, 0, 184.0, 0, 833.0, 580.0, 1000.0, 0, 0, 690.0, 0], [947.0, 827.0, 0, 489.0, 0, 886.0, 745.0, 820.0, 757.0, 444.0, 709.0, 756.0, 825.0, 877.0, 623.0, 212.0, 907.0, 0, 94.0, 778.0]], "finger spin": [[823.0, 827.0, 848.0, 833.0, 826.0, 839.0, 815.0, 850.0, 853.0, 835.0, 823.0, 821.0, 824.0, 826.0, 827.0, 834.0, 804.0, 819.0, 807.0, 844.0], [860.0, 879.0, 853.0, 875.0, 848.0, 865.0, 856.0, 839.0, 836.0, 845.0, 880.0, 850.0, 879.0, 874.0, 873.0, 839.0, 882.0, 852.0, 858.0, 829.0], [782.0, 794.0, 788.0, 791.0, 788.0, 780.0, 792.0, 795.0, 793.0, 800.0, 771.0, 763.0, 792.0, 783.0, 794.0, 775.0, 752.0, 784.0, 783.0, 776.0]], "walker walk": [[559.3303514460628, 576.0477462499565, 124.17616264038124, 479.2088365665898, 157.90495318516443, 506.2704767024277, 455.30725831989196, 511.7508629362077, 465.68237849271816, 523.7325786986687, 411.1711047414627, 560.8967521399665, 479.7928114901835, 621.6821317680601, 562.4993666626553, 493.27699613781675, 569.0133473103714, 492.6794065846342, 537.0179374922797, 543.6703026783225], [621.2712834436251, 653.8995688633678, 520.7727444312511, 626.2268038766534, 550.6548006214784, 211.0725243517039, 608.9346086413851, 571.9048102347258, 516.2727564929694, 65.988891804436, 504.22000405167813, 506.21694832364136, 533.3710964022248, 566.1265893981482, 573.7020913349339, 644.2517681788701, 578.2544683812686, 626.2701677228426, 421.27043156710135, 644.733868622444], [791.5850178095753, 837.1542306280712, 798.6051068712032, 747.3895517864714, 702.7431245090685, 685.6820589688649, 818.4828380329819, 792.0411956319867, 791.5171476037007, 686.2828542596252, 639.3619692143634, 797.3282921571302, 588.4908342908338, 769.9661918594802, 734.6724347463323, 681.320435495017, 788.1667541564065, 692.950952754697, 667.6220741042732, 746.9079282335638]]}, "status": 0}