{"id": 16, "tid": 1321, "pos": [0.2837351204832531, 0.1740368051688522, 0.1241653014193651, 0.029420061899737664, 0.009186377546230806, 0.47386816213820754, 0.3788705810576935, 0.06695715059010204], "seed": [0, 1, 2], "data": [93, 89, -3.006677588645079, -3.7646395048020986, -3.9265089796301536, -0.2090547028943397, -0.969035351538452, -3.4643427952791837], "results": {"cartpole swingup": [[295.33409267523393, 362.1750044553034, 397.6734003769279, 335.52452508361614, 353.5716352952842, 362.63709046186165, 335.8136028855995, 385.78946904088366, 279.3366666015118, 300.2055205434326, 250.6357104679489, 328.4997218086113, 269.1035212917694, 362.0357932088029, 358.24373770522783, 230.831341753733, 334.9282926330522, 338.73013926486783, 298.80970789927073, 291.00451029089], [446.42320828394423, 572.4459443204116, 424.7768790937703, 547.215114597639, 474.947802905231, 562.6842860357879, 639.4522968257052, 584.2378346048856, 502.20772528654174, 499.7734643256814, 575.5113134936291, 562.9934215265849, 574.9206619823773, 545.5994356570201, 474.37210860442144, 528.6850232251876, 632.7666588403781, 467.88932914656993, 483.98177882564744, 629.6876377657527], [413.7451178010723, 416.77170970289546, 422.43825070356536, 482.2349413799536, 466.6594351326849, 420.60216955367474, 498.853981364547, 466.303393108131, 433.6794362061298, 475.3745894217877, 465.70183035730776, 469.9798947835706, 468.46568183636714, 459.35091715485015, 486.5710267564761, 477.9728070103071, 530.0381616957073, 477.5550426760192, 470.3295052709187, 490.30056576586423]], "cheetah run": [[319.0431014231855, 304.3653351349069, 288.61196892801314, 360.6243911556248, 332.078280266977, 275.3211316778694, 318.5382839363899, 298.98892072886895, 330.6817662479386, 286.645825065153, 287.88878239296815, 295.1128830340598, 299.73724992700926, 291.48428531628673, 283.7807486126809, 272.10937971949363, 260.3267174579377, 328.12808544829016, 300.715036333545, 313.9684092925446], [313.6722043844159, 372.1598577864457, 314.3942513862135, 364.6076164732822, 380.14297078737746, 372.4240204838314, 114.07889427973349, 134.80842670204504, 364.22188578433156, 134.39145307950145, 362.12065500660606, 338.57756566877725, 347.47834726572387, 297.8580090029206, 237.2485058886683, 375.0586344834375, 360.6493110015187, 95.32098292116042, 363.7210303192775, 234.93105047931596], [317.73673152554886, 322.4090456657, 353.78311280912845, 345.2232027876047, 356.8401341555462, 333.8586256829724, 340.987675227466, 360.94964374473153, 355.74406004030135, 311.2824186965475, 374.98183341133705, 203.45261691479536, 336.6828480328115, 288.00871173640144, 372.7168602279858, 301.8146636974313, 350.58810737592125, 406.96737962561645, 279.2465971834915, 377.36068814336045]], "reacher easy": [[0, 0, 955.0, 0, 10.0, 969.0, 0, 0, 8.0, 46.0, 0, 723.0, 977.0, 0, 950.0, 0, 967.0, 20.0, 0, 0], [985.0, 985.0, 0, 977.0, 949.0, 968.0, 963.0, 989.0, 0, 990.0, 949.0, 967.0, 0, 11.0, 0, 12.0, 0, 665.0, 982.0, 966.0], [972.0, 965.0, 981.0, 38.0, 22.0, 0, 922.0, 0, 8.0, 0, 972.0, 0, 970.0, 0, 639.0, 961.0, 0, 1000.0, 16.0, 938.0]], "ball_in_cup catch": [[926.0, 874.0, 735.0, 944.0, 950.0, 694.0, 967.0, 837.0, 871.0, 917.0, 942.0, 950.0, 947.0, 775.0, 894.0, 987.0, 929.0, 858.0, 955.0, 893.0], [994.0, 926.0, 981.0, 0, 257.0, 493.0, 746.0, 842.0, 0, 0, 543.0, 940.0, 715.0, 994.0, 0, 1000.0, 988.0, 987.0, 796.0, 876.0], [0, 928.0, 184.0, 28.0, 0, 670.0, 34.0, 785.0, 991.0, 0, 0, 0, 558.0, 626.0, 0, 614.0, 826.0, 889.0, 423.0, 588.0]], "finger spin": [[861.0, 866.0, 860.0, 861.0, 862.0, 851.0, 853.0, 868.0, 861.0, 871.0, 864.0, 863.0, 865.0, 873.0, 842.0, 868.0, 857.0, 862.0, 859.0, 851.0], [841.0, 823.0, 812.0, 816.0, 828.0, 825.0, 835.0, 837.0, 825.0, 841.0, 833.0, 833.0, 829.0, 831.0, 807.0, 829.0, 831.0, 835.0, 833.0, 821.0], [828.0, 813.0, 819.0, 828.0, 844.0, 847.0, 821.0, 807.0, 814.0, 850.0, 832.0, 823.0, 815.0, 811.0, 833.0, 842.0, 799.0, 827.0, 845.0, 829.0]], "walker walk": [[304.81504090507553, 470.8213002796534, 639.4275211629595, 530.9416606269556, 568.9279198496662, 469.5576932920191, 449.3260292392516, 548.9445471064756, 594.9079049337037, 491.23172938201157, 626.4668214340888, 703.6634102627273, 550.313464625379, 611.5236124193075, 133.77208392924018, 605.4799382746784, 488.5765259654178, 565.5688921444756, 609.3932143104231, 499.5716820329125], [570.8928145293851, 511.264977220095, 470.65123209527815, 496.46941644142674, 576.3607473010896, 561.5720160725904, 484.26559613082134, 551.9574731160747, 563.6294374669129, 560.1981698378489, 591.0476111040394, 530.9650781621842, 563.7596251827409, 558.8555680707004, 553.2661320362029, 475.8454531940557, 490.71939291680116, 525.4578663484914, 61.802744920593085, 550.090457825621], [598.3612880455728, 437.7508344494653, 515.9823450175132, 533.5415752833296, 547.4003105382442, 564.8853983900644, 559.0791402953496, 530.7627698214017, 452.8693049668704, 467.0239949081173, 465.8862474022564, 573.0083284548443, 516.1775852950717, 485.43050058093746, 502.6962455357152, 517.3689686665288, 587.8817058652342, 437.81493153512196, 536.4933468239619, 437.2986223356398]]}, "status": 0}