{"id": 45, "tid": 181, "pos": [0.589392528146933, 0.1030113160307135, 0.28745069270460455, -0.006918441192152819, 0.06638712308623615, 0.5260012664492035, 0.10423173308951533, 0.1066632310025219], "seed": [0, 1, 2], "data": [102, 87, -1.7003944583631636, -4.0, -3.4689030153101106, 0.20801013159362824, -3.1661461352838773, -3.146694151979825], "results": {"cartpole swingup": [[433.6039524863932, 333.1182542708109, 357.3243931152249, 434.49368336530847, 332.53660168926746, 451.462183751412, 378.24702986239714, 467.18485445039147, 393.9638481935661, 348.8622869467184, 379.4870633850737, 486.93747010326723, 349.8703235315418, 423.250287927512, 323.96533815363296, 354.1006724929225, 490.27580227349216, 333.9433761453427, 415.7433572286368, 273.3761922642796], [313.93952408302215, 301.6013885182667, 446.43782770173374, 353.47789060873447, 319.41622390730976, 510.9487765633187, 409.5541811544779, 512.2273862146895, 371.8927511357079, 314.7581715218452, 400.1158069187373, 333.6298658492372, 622.3320340384031, 509.2286489990419, 382.51203273934186, 345.6554715535561, 429.8772742815192, 286.80772884306, 295.49338065278664, 310.12268126928336], [581.2086990532762, 622.1320511276373, 615.4544636592722, 630.8688540339857, 561.3563104671863, 661.9840659224199, 627.9005570028164, 615.9456079876749, 562.1890573092627, 625.2692501775444, 554.1810147114725, 620.3701265253948, 626.3358668617539, 626.4457546373495, 564.8900916284201, 614.5645023958793, 622.2042846661282, 637.6483599347222, 677.4825535154004, 541.6304945894306]], "cheetah run": [[316.258987281487, 336.9606226353999, 312.03791639488077, 301.27753755293224, 303.847611277962, 304.3093320257265, 331.9299674337079, 293.63871356220557, 321.29517923712837, 310.991512949691, 287.92492087101397, 301.56331651159485, 287.17332458732045, 316.524624462479, 314.9125196132144, 288.55688793877215, 333.9928405627568, 354.247723104755, 308.72884817863184, 295.350481262644], [269.31787714612057, 266.01168767720054, 264.0473204365339, 286.66271752720303, 279.20577049574626, 278.11395780822045, 286.4325799004502, 275.50413585278187, 274.86120395292846, 270.01354164081255, 293.76325921449063, 272.0045364721573, 273.82254267425895, 296.5322708155938, 259.5282075002691, 270.45159717489673, 276.76027148108284, 274.08481728319003, 292.09289340148644, 284.80982814756203], [260.20806092721415, 457.2459035583644, 302.0760986880455, 454.93975666805926, 408.17723844548937, 302.67535413810145, 462.49842713217396, 138.54803091653685, 152.9557344755951, 193.69955287162554, 387.38914187834484, 434.7601687727261, 291.1129917088213, 395.992586304881, 251.07197743899587, 282.14906639990045, 417.46611014706286, 115.36070046390184, 457.33353009057504, 444.45162386177896]], "reacher easy": [[0, 3.0, 392.0, 0, 343.0, 0, 968.0, 0, 12.0, 0, 0, 955.0, 952.0, 0, 4.0, 15.0, 950.0, 955.0, 21.0, 0], [968.0, 642.0, 27.0, 980.0, 961.0, 358.0, 15.0, 0, 0, 0, 993.0, 40.0, 0, 980.0, 19.0, 11.0, 0, 0, 982.0, 966.0], [0, 947.0, 979.0, 0, 1.0, 20.0, 489.0, 0, 0, 968.0, 735.0, 6.0, 255.0, 822.0, 995.0, 601.0, 392.0, 1000.0, 351.0, 935.0]], "ball_in_cup catch": [[987.0, 950.0, 389.0, 94.0, 809.0, 827.0, 569.0, 671.0, 725.0, 707.0, 959.0, 857.0, 949.0, 877.0, 986.0, 734.0, 721.0, 961.0, 233.0, 771.0], [909.0, 988.0, 990.0, 853.0, 619.0, 761.0, 364.0, 0, 913.0, 711.0, 728.0, 0, 675.0, 0, 527.0, 987.0, 493.0, 0, 205.0, 961.0], [34.0, 708.0, 0, 0, 805.0, 24.0, 175.0, 250.0, 808.0, 0, 0, 34.0, 26.0, 0, 549.0, 609.0, 0, 626.0, 0, 663.0]], "finger spin": [[813.0, 788.0, 803.0, 815.0, 796.0, 744.0, 806.0, 810.0, 817.0, 828.0, 804.0, 800.0, 798.0, 810.0, 797.0, 795.0, 780.0, 806.0, 808.0, 806.0], [803.0, 812.0, 807.0, 794.0, 808.0, 822.0, 804.0, 800.0, 826.0, 829.0, 821.0, 825.0, 815.0, 823.0, 814.0, 819.0, 782.0, 807.0, 792.0, 818.0], [559.0, 563.0, 565.0, 568.0, 554.0, 569.0, 571.0, 568.0, 572.0, 572.0, 565.0, 571.0, 576.0, 568.0, 557.0, 568.0, 556.0, 560.0, 563.0, 568.0]], "walker walk": [[655.3183836373136, 540.480048521662, 616.3861131150064, 684.5455263012033, 626.565367435912, 618.6794066006206, 436.3236798830552, 653.364826668748, 599.1354511008652, 702.0009200191333, 589.3925780524598, 593.3797407094592, 608.7540249052765, 563.4117757546472, 635.6687910913032, 570.4744752100933, 613.59893818927, 569.9196151665857, 602.3416777374431, 562.585640048855], [646.2467426578445, 578.2475533527054, 649.9139892740144, 624.7529068171665, 618.2618939317252, 581.657210840144, 632.3434762629463, 598.8784755104716, 623.3945889989062, 605.596087657281, 556.9921776200775, 585.8022089585627, 602.6393399753906, 579.9314753042707, 598.9237636678931, 562.8310162560962, 389.7736287745024, 562.2544883240754, 637.3977926773131, 540.8370415139001], [578.8075059860467, 481.0169715625958, 27.731121791690576, 485.9625371670007, 549.7014756030318, 408.9563904986853, 550.7359881703898, 487.27337256475136, 573.6101988627538, 533.5015182074803, 551.1635011246567, 517.4715024141846, 569.6759417403805, 401.3198088141485, 488.0440089855938, 532.7613376713547, 550.1831382479853, 502.4660240099565, 541.3457935316789, 606.5359767870212]]}, "status": 0}