{"id": 41, "tid": 1352, "pos": [0.20654713032392194, 0.1651898349918294, 0.20664329614210164, 0.02942191095642907, 0.11923782825648489, 0.5504832003138009, 0.3086258737084516, 0.06479147199588535], "seed": [0, 1, 2], "data": [90, 89, -2.346853630863187, -3.764624712348567, -3.046097373948121, 0.4038656025104075, -1.530993010332387, -3.481668224032917], "results": {"cartpole swingup": [[441.8110072459065, 421.80841090447774, 501.27226790027066, 460.3089056268312, 431.80872593457343, 504.1947360535404, 423.25235412838924, 439.2372834376519, 424.77743448651455, 429.3592863495467, 403.08140619266055, 488.8766681821825, 411.6112332098093, 441.11323698199044, 484.8100508396509, 425.7656815446936, 390.7956876504106, 494.8770905834543, 476.4827105937895, 404.2558600104705], [538.2727948030997, 436.57235805246364, 507.5637803903648, 587.0885304643516, 491.2342497799019, 428.6224653460108, 507.1912947294591, 480.45611678518793, 644.4116593765818, 506.5918753452094, 426.89997475521096, 503.02696193818764, 500.2627768088411, 436.9851627701581, 494.77100055924365, 437.98253673257346, 463.3404761826763, 489.94555590400824, 518.8739979865956, 506.1206944030314], [504.8051286736484, 542.6000056406917, 588.0714234087478, 476.61453176823085, 490.480509496461, 533.3104953699874, 505.1903763470043, 543.0099109791408, 468.3451542727004, 543.3195155238507, 480.0803040612847, 551.0211113059735, 544.7721636050703, 417.5900062821657, 531.7249400531568, 478.7218564287839, 529.3120032288526, 434.4516194888356, 486.42481330396356, 436.847211389431]], "cheetah run": [[257.6780916288602, 245.719939420015, 251.90499235740586, 245.04583170965736, 273.1317975323268, 270.8111663374469, 257.28967154752837, 277.0587665462513, 261.91217815528563, 287.3148295612471, 276.38353107016025, 174.5821952427057, 275.7824881620602, 231.050651057679, 169.94270374242691, 198.87762782109746, 263.38668320864974, 264.073773909713, 233.91816217217914, 271.0599264448203], [270.43048641712204, 294.3306939197658, 183.16276750639895, 119.11928417448937, 346.40767417783235, 167.61840705313702, 176.49538385447937, 332.33960787023545, 211.7802665169995, 349.08057775432076, 59.19965398913931, 169.32650258671234, 179.01790359664497, 226.25054825595058, 270.91248222363583, 70.54988907087944, 318.957473048162, 105.60775003684083, 70.10532511530627, 202.00384355130336], [269.6176959329828, 279.9539806446273, 272.6371341757643, 298.53230458834076, 267.4471647380097, 292.0374351406486, 290.91452378130657, 275.535679729133, 253.8879581448031, 280.42235980109797, 284.2723169652957, 292.61823929332957, 259.13846190989057, 278.78565121287164, 272.29640515315606, 294.47812322296323, 277.89718134627407, 289.90886821305713, 275.65460995890163, 290.1483782788225]], "reacher easy": [[4.0, 4.0, 959.0, 0, 992.0, 950.0, 960.0, 955.0, 0, 0, 0, 965.0, 916.0, 0, 974.0, 0, 981.0, 974.0, 8.0, 0], [0, 0, 0, 0, 0, 970.0, 933.0, 989.0, 0, 6.0, 992.0, 969.0, 16.0, 981.0, 79.0, 0, 0, 12.0, 947.0, 975.0], [965.0, 937.0, 950.0, 0, 5.0, 909.0, 970.0, 7.0, 0, 939.0, 976.0, 940.0, 539.0, 0, 993.0, 467.0, 134.0, 1000.0, 56.0, 761.0]], "ball_in_cup catch": [[811.0, 712.0, 842.0, 956.0, 958.0, 556.0, 886.0, 424.0, 629.0, 953.0, 924.0, 882.0, 191.0, 642.0, 881.0, 839.0, 984.0, 778.0, 855.0, 871.0], [918.0, 993.0, 992.0, 834.0, 946.0, 682.0, 441.0, 0, 0, 660.0, 211.0, 0, 787.0, 839.0, 856.0, 1000.0, 120.0, 690.0, 784.0, 46.0], [0, 916.0, 718.0, 876.0, 0, 52.0, 645.0, 0, 996.0, 677.0, 819.0, 0, 295.0, 660.0, 646.0, 83.0, 605.0, 672.0, 860.0, 851.0]], "finger spin": [[850.0, 858.0, 872.0, 820.0, 847.0, 826.0, 857.0, 862.0, 853.0, 871.0, 867.0, 864.0, 859.0, 872.0, 861.0, 846.0, 848.0, 844.0, 843.0, 858.0], [758.0, 719.0, 767.0, 767.0, 770.0, 755.0, 746.0, 772.0, 749.0, 771.0, 798.0, 769.0, 742.0, 766.0, 751.0, 794.0, 769.0, 767.0, 773.0, 780.0], [809.0, 794.0, 755.0, 812.0, 0, 763.0, 761.0, 766.0, 811.0, 767.0, 804.0, 806.0, 788.0, 792.0, 785.0, 806.0, 796.0, 771.0, 797.0, 774.0]], "walker walk": [[563.4909911572632, 310.2290476385507, 288.0687352634262, 308.33193179112243, 437.2324941552584, 398.6362925131354, 350.5577773281196, 412.59860454079507, 618.676438664272, 588.9093714274701, 491.7077890337681, 574.0809523783882, 274.7559712188813, 89.97254698531957, 409.47247598878255, 471.4718089216594, 528.5366655287156, 509.1751189909214, 604.2933483065324, 562.8697220953995], [882.2097524112827, 766.4545165335155, 797.761173432001, 845.589996397671, 814.3239634315111, 797.833108870153, 744.3171204382556, 778.0042873916764, 844.3908949613595, 817.5083982585049, 814.8348667251753, 802.3699687304365, 783.5405347395989, 820.6441316910043, 828.505358997189, 869.8584386912722, 856.354182034217, 815.9645943175715, 770.7528238356501, 776.1803303259568], [495.44055342022847, 603.5650900734166, 432.58626562599034, 408.5604699361805, 556.0393914783432, 543.7495243693326, 543.061949891612, 565.9468296865239, 558.581000071057, 469.6869978512171, 542.2956038058248, 508.5814536337998, 541.5520716784854, 591.7973087310513, 546.3607068945155, 566.9501228616167, 577.3415325268335, 494.8712012098543, 585.3671612756315, 441.7088325541068]]}, "status": 0}