{"id": 43, "tid": 493, "pos": [0.2022846657536132, 0.17311936295265506, 0.2133767993515879, 0.010869229671786274, 0.13232654580719722, 0.5195894849401719, 0.3536061063279803, 0.05059694282270158], "seed": [0, 1, 2], "data": [90, 89, -2.2929856051872965, -3.91304616262571, -2.9413876335424223, 0.156715879521375, -1.1711511493761577, -3.5952244574183876], "results": {"cartpole swingup": [[400.2543648399647, 418.9465139804895, 433.31975102821264, 360.72684069139535, 401.2768309106228, 490.14271602047336, 483.5467112064075, 416.11719346553963, 420.9077507808303, 410.1953302902454, 423.48636088228045, 403.4577327428139, 417.2906104288042, 421.7949609016401, 422.18274901914805, 465.4058360413402, 428.24731857577535, 350.7468848205335, 421.2929790799545, 386.0275082234433], [504.4026465726121, 556.8142844670168, 484.50463418087134, 502.90220740780893, 459.3448328904224, 466.6619242283614, 564.2699674129311, 500.75123249877464, 568.8847688476518, 522.3820225001876, 512.3343314484902, 445.5538007242717, 485.68847878221055, 468.55317116496127, 498.68604577265097, 495.5494070468824, 552.0323447395982, 532.877631317541, 469.6600359073777, 561.5273934763126], [613.7580370549433, 635.7288065227921, 575.2595774227977, 548.7322114227262, 580.0894126332537, 567.7181916562739, 566.3781267061732, 558.6038774564059, 560.9031189657254, 563.3920958998766, 563.4460133051217, 591.3596916573808, 564.5100362020286, 639.6911235395567, 557.9771150010671, 618.9540277642185, 574.2417369371934, 598.4421409236834, 562.3856164716419, 568.7072366400232]], "cheetah run": [[356.5319619146418, 342.24350533043105, 370.140283359455, 343.59363978849086, 340.7175240844676, 350.3363248909437, 322.3648866270436, 325.08003297819204, 369.7872837616713, 359.94223251074493, 354.0546610696279, 361.1291087141122, 328.560801903783, 330.44975850542403, 337.37725266207826, 318.8978217366324, 366.6894421060884, 356.0555887202251, 356.56079395078274, 382.32129480424555], [436.97839442724035, 411.93702398060276, 428.12781342508663, 327.098384310393, 70.36900893287017, 411.3983318825756, 367.45400192956845, 419.18927363359404, 374.9686073827017, 428.14278302864375, 406.9296945381327, 412.13106577073086, 379.1258346253112, 406.182210629864, 367.774965541246, 409.0219220075325, 129.49123936552274, 168.7859830435244, 310.3907502375249, 337.1728008602971], [78.70363011310859, 291.44393914103523, 134.3696079656077, 115.9843526509159, 265.08708209633585, 136.17147317916357, 283.2672890123753, 270.0919799973805, 184.82295211131316, 213.03587129874768, 305.0331894663501, 309.0083732718916, 95.6255799285558, 280.86668484454145, 213.33853818997076, 177.7614020268377, 205.08763315255229, 253.384620121664, 138.72585979226938, 246.12105297632792]], "reacher easy": [[37.0, 12.0, 961.0, 0, 9.0, 951.0, 974.0, 3.0, 7.0, 980.0, 0, 983.0, 992.0, 0, 973.0, 0, 981.0, 975.0, 11.0, 0], [965.0, 6.0, 0, 982.0, 969.0, 956.0, 0, 0, 6.0, 0, 993.0, 942.0, 0, 948.0, 0, 55.0, 94.0, 974.0, 984.0, 979.0], [0, 954.0, 960.0, 8.0, 0, 0, 7.0, 0, 0, 4.0, 974.0, 3.0, 9.0, 954.0, 894.0, 963.0, 20.0, 1000.0, 0, 628.0]], "ball_in_cup catch": [[923.0, 548.0, 908.0, 957.0, 756.0, 799.0, 731.0, 786.0, 828.0, 763.0, 927.0, 896.0, 927.0, 801.0, 825.0, 886.0, 938.0, 856.0, 960.0, 968.0], [624.0, 996.0, 998.0, 0, 952.0, 905.0, 759.0, 0, 0, 0, 0, 943.0, 898.0, 658.0, 0, 1000.0, 374.0, 0, 514.0, 716.0], [983.0, 0, 150.0, 655.0, 0, 985.0, 0, 357.0, 985.0, 0, 0, 0, 0, 0, 944.0, 0, 989.0, 0, 0, 951.0]], "finger spin": [[778.0, 814.0, 796.0, 800.0, 799.0, 779.0, 797.0, 783.0, 777.0, 826.0, 771.0, 825.0, 786.0, 793.0, 790.0, 812.0, 764.0, 793.0, 806.0, 816.0], [664.0, 599.0, 680.0, 613.0, 616.0, 661.0, 617.0, 609.0, 658.0, 569.0, 652.0, 609.0, 650.0, 641.0, 633.0, 637.0, 684.0, 651.0, 663.0, 622.0], [577.0, 582.0, 583.0, 586.0, 586.0, 591.0, 587.0, 574.0, 584.0, 584.0, 578.0, 592.0, 595.0, 569.0, 584.0, 614.0, 585.0, 575.0, 587.0, 586.0]], "walker walk": [[665.7269245254072, 665.5786223380582, 599.9714240573073, 668.3513429955967, 667.0449899637301, 605.9959146945279, 703.3568413372952, 711.618134235051, 776.0574893206046, 715.5750424907914, 699.4544090234247, 769.3750591461807, 707.5011007927193, 661.0737681600534, 628.1086316329754, 672.9976006710561, 578.6342706288775, 738.1377161966501, 768.1136308335442, 576.681310585717], [364.3511797372407, 470.1762010428537, 508.51186008528566, 571.6966516980211, 537.7213774949236, 537.4294072769632, 598.7262666642393, 449.67070406438125, 569.339706549035, 537.0589765051441, 291.553107007301, 542.7466939342146, 523.2216070850315, 391.99623320465827, 518.6177998094319, 520.347529570655, 557.9580712782782, 550.8849708219984, 525.1145700301411, 561.2360792386623], [693.3340577810553, 768.7304704659309, 701.7371932112394, 779.871104671225, 745.3678437239214, 701.1995557511111, 833.2564611058659, 742.4320447200724, 799.3400108014429, 805.2394033104513, 137.19487864950443, 756.8464886860235, 507.0468841538046, 781.5933138260152, 818.3612052191244, 723.0633222839215, 769.4250551947576, 764.636109461747, 778.0275781459413, 759.722793304478]]}, "status": 0}