{"id": 17, "tid": 1210, "pos": [0.2150306621297699, 0.15482986493558207, 0.18095797364232755, 0.04297036722080646, 0.0783070917013041, 0.5018915901283931, 0.3432026995988181, 0.01506278250553976], "seed": [0, 1, 2], "data": [90, 88, -2.5523362108613794, -3.6562370622335485, -3.373543266389567, 0.015132721027145024, -1.2543784032094552, -3.879497739955682], "results": {"cartpole swingup": [[718.1711938226013, 469.9455453991829, 562.5727305292203, 715.3176101003039, 715.9356445040502, 717.9937622283086, 464.180757236836, 700.7919123635506, 716.1982104192771, 696.835801823159, 543.6449329804116, 630.9908455569214, 619.6372520362994, 394.6229669263177, 458.50109066836956, 638.0826225452668, 486.7903071293633, 713.3894374527916, 612.7562207280271, 621.2842124462549], [324.9984111298883, 356.3920750350614, 362.6524119098538, 348.8223482748869, 409.42464863133074, 349.6392490716319, 376.6749516876654, 357.5020104581953, 352.9473841457669, 372.1611558415415, 382.90573840864016, 350.5791897002956, 379.609083577821, 359.0728904612611, 482.6827074935821, 359.0122893497277, 356.9132495392248, 402.86335142382, 416.050935326893, 375.3996640822415], [701.4558251016359, 433.49643962021344, 408.48659221661416, 366.5267103574224, 475.64554361563205, 374.1414763164608, 544.9258593202165, 485.9276467641497, 387.93410595325275, 463.0187659535932, 512.7398083211083, 425.46936032233594, 443.32836678345643, 567.090198579808, 497.6191586078427, 701.8045949469902, 402.2035896176354, 423.519598402833, 369.77797284987554, 490.3674265892764]], "cheetah run": [[170.20443874419183, 367.6821143906036, 337.01817506224216, 280.043087113184, 122.91722468185175, 93.16369511209862, 145.8442852721284, 117.84311840208927, 313.3515943344254, 416.0553308676291, 346.6976634822198, 113.16297923178567, 205.6732457875633, 155.7004487722721, 390.4361336344043, 74.80880200390128, 420.8834536595936, 199.2772569263512, 323.42896732266473, 93.28999630007388], [325.26766614448314, 255.3050154999779, 361.1012227846099, 236.32218235480616, 348.6687444134816, 334.15849585656207, 396.50487394114907, 270.5581226175976, 310.0684069545605, 263.8398806731679, 282.3089695712274, 344.4712614152383, 335.1323449678338, 318.11108803965766, 353.6166256295702, 319.90006779121495, 340.86643150773705, 362.5664387803228, 366.9549189579627, 358.584571564695], [256.36038514199504, 236.5923923394543, 238.50741238382503, 232.05188790311078, 223.58364650371243, 236.05853544433737, 234.1469195858125, 242.89170566156463, 221.70269551830236, 237.74375963563972, 218.9258139438218, 230.86544256223382, 241.2159247775541, 222.35535346885945, 225.74619264709568, 209.08528483209366, 219.28756212619322, 251.00832944191083, 204.87145673017258, 239.01798461118878]], "reacher easy": [[0, 0, 0, 0, 12.0, 968.0, 1.0, 0, 3.0, 0, 0, 202.0, 955.0, 0, 17.0, 16.0, 966.0, 972.0, 11.0, 0], [967.0, 975.0, 0, 846.0, 969.0, 935.0, 952.0, 973.0, 948.0, 5.0, 978.0, 975.0, 5.0, 985.0, 0, 1000.0, 0, 0, 983.0, 950.0], [953.0, 961.0, 982.0, 0, 0, 10.0, 12.0, 5.0, 0, 813.0, 976.0, 0, 983.0, 0, 0, 965.0, 938.0, 1000.0, 957.0, 943.0]], "ball_in_cup catch": [[847.0, 985.0, 988.0, 832.0, 925.0, 386.0, 647.0, 921.0, 903.0, 987.0, 923.0, 919.0, 954.0, 737.0, 924.0, 923.0, 990.0, 913.0, 914.0, 883.0], [593.0, 0, 861.0, 795.0, 0, 0, 0, 0, 0, 206.0, 0, 528.0, 0, 73.0, 0, 1000.0, 0, 0, 0, 411.0], [0, 957.0, 0, 0, 0, 0, 560.0, 989.0, 0, 281.0, 0, 0, 0, 955.0, 950.0, 956.0, 0, 0, 0, 0]], "finger spin": [[804.0, 818.0, 815.0, 808.0, 815.0, 806.0, 807.0, 799.0, 815.0, 826.0, 799.0, 809.0, 813.0, 808.0, 797.0, 780.0, 772.0, 790.0, 816.0, 810.0], [801.0, 790.0, 795.0, 777.0, 748.0, 806.0, 787.0, 793.0, 792.0, 805.0, 791.0, 803.0, 802.0, 811.0, 794.0, 785.0, 803.0, 764.0, 794.0, 803.0], [776.0, 782.0, 782.0, 753.0, 775.0, 785.0, 782.0, 737.0, 780.0, 778.0, 785.0, 775.0, 784.0, 772.0, 797.0, 776.0, 756.0, 766.0, 780.0, 787.0]], "walker walk": [[583.1228385998427, 569.636564271038, 625.5933115785997, 581.1172806635067, 627.9520053827545, 652.466534272042, 622.0260842839683, 497.8909081030835, 672.1130900045166, 530.5162607895127, 587.9307405622316, 604.8314343890394, 597.2437285867661, 600.835984020566, 604.8079275626831, 605.9697909533612, 612.2063736966131, 569.7061741191632, 627.911489027879, 572.6195671694186], [657.1263880150073, 721.6243263606833, 671.4273753664737, 599.4935097992694, 694.2304359304553, 641.3687633083538, 681.5537425263738, 617.7198602074747, 796.9579597717538, 680.9527739988555, 776.4075547947886, 758.1341627588725, 750.9429249127368, 750.5792610625514, 712.7147627910801, 738.2856744317868, 652.2086421307768, 764.3091226433414, 804.6961849452982, 605.4281806982063], [729.6395221840367, 663.7604696292511, 719.2241542027581, 748.8576106289269, 662.6706578394129, 734.6604470691587, 619.9077544627454, 615.3352127871202, 715.4622080927404, 728.3848293736047, 775.7729716467102, 698.3324331999112, 758.6979663299577, 721.6840606503281, 734.0901684432372, 536.2212713708145, 777.5069973827939, 661.8951575083101, 626.216569049876, 692.5010559634359]]}, "status": 0}