{"id": 29, "tid": 937, "pos": [0.22396358731238428, 0.2190024887459411, 0.21397801636924232, 0.007554305063884756, 0.10973643025808409, 0.5254445116813952, 0.35088124051912684, 0.053667163790058994], "seed": [0, 1, 2], "data": [91, 91, -2.2881758690460616, -3.939565559488922, -3.122108557935327, 0.20355609345116132, -1.1929500758469853, -3.570662689679528], "results": {"cartpole swingup": [[250.21032080613205, 325.5219715692565, 309.0949092201221, 354.1347391427087, 257.155798260752, 277.73947993940084, 263.60668529159324, 306.68161609401994, 311.72702046773935, 346.74033036453096, 340.8499121068763, 290.0500953740026, 322.1685703292942, 310.5482772221964, 304.1403943851153, 321.1768471767456, 295.8185250919606, 226.06969259368702, 260.76035435047595, 247.47122885390036], [391.33941001442514, 355.299069365144, 436.18251534431124, 312.8620368279077, 339.361113708283, 327.74394463556257, 420.37327155550116, 338.1932259619107, 346.055002992179, 347.74932617196544, 399.95163815497347, 446.6323190244229, 317.307006880337, 399.67119598303793, 402.1534287973221, 444.9335576593648, 420.891067978389, 318.4799908343981, 375.6817842548603, 447.43821700619714], [323.11300640887777, 328.8758137463487, 373.71924453869354, 313.656552229263, 309.5926827950214, 320.1912321601431, 321.2214658414098, 371.9513944591279, 551.1331090214036, 342.6467828846757, 394.1358470706946, 376.75629742343756, 340.7567424764231, 335.7613386225277, 349.44356147659664, 395.7229880608143, 331.5838711714223, 330.91790569630956, 328.32809513554656, 320.23446858863815]], "cheetah run": [[328.4427811334406, 293.6047880188778, 311.40745253204403, 310.48041007686646, 323.8874468839497, 281.2329616259927, 163.80441753940372, 306.23572374213944, 288.13599137292937, 292.41805478780725, 294.3055941855026, 271.66503291519433, 301.19977517762135, 298.06320518414657, 310.6086590229972, 300.16426500699276, 314.73775809469043, 264.35548983739966, 265.53450405064524, 269.6879237983125], [209.124260340419, 218.41913423437137, 218.8094380455723, 216.63606023484536, 219.8498361195906, 211.44200223611867, 215.4759533874451, 213.44597575981896, 216.59064302724343, 228.56833764940575, 221.29769094201265, 210.26346850301982, 214.90422991264344, 224.70402210825458, 224.81152541204023, 229.43533550379942, 220.02427219977744, 222.81566772670786, 218.48776143251666, 225.860120686055], [315.0150806138267, 333.21261564594823, 78.82649957404024, 81.81022620657798, 318.71816537102734, 258.6416613594913, 289.54640313438495, 364.7944119646854, 123.44266279582887, 339.69407596732594, 38.79141466928122, 79.82287841843332, 99.4423530057518, 307.5109144326411, 204.4996713642618, 86.44287214244305, 243.37294493828108, 318.85625846242266, 127.43054298344104, 78.84990950035835]], "reacher easy": [[0, 0, 559.0, 0, 973.0, 983.0, 948.0, 851.0, 3.0, 979.0, 965.0, 981.0, 950.0, 0, 258.0, 0, 955.0, 946.0, 3.0, 0], [967.0, 0, 0, 960.0, 973.0, 975.0, 3.0, 985.0, 973.0, 551.0, 963.0, 968.0, 0, 972.0, 0, 8.0, 0, 982.0, 963.0, 970.0], [972.0, 962.0, 982.0, 970.0, 979.0, 958.0, 979.0, 0, 988.0, 9.0, 975.0, 974.0, 943.0, 2.0, 987.0, 960.0, 971.0, 1000.0, 946.0, 0]], "ball_in_cup catch": [[406.0, 633.0, 827.0, 961.0, 93.0, 868.0, 901.0, 789.0, 946.0, 347.0, 961.0, 477.0, 956.0, 929.0, 0, 184.0, 513.0, 961.0, 702.0, 490.0], [842.0, 986.0, 992.0, 882.0, 0, 844.0, 436.0, 899.0, 556.0, 830.0, 747.0, 0, 637.0, 635.0, 450.0, 1000.0, 0, 413.0, 827.0, 0], [587.0, 849.0, 0, 745.0, 783.0, 994.0, 496.0, 770.0, 0, 0, 0, 0, 0, 24.0, 734.0, 840.0, 0, 792.0, 304.0, 0]], "finger spin": [[822.0, 828.0, 823.0, 829.0, 824.0, 807.0, 826.0, 820.0, 827.0, 832.0, 834.0, 824.0, 822.0, 838.0, 782.0, 826.0, 825.0, 818.0, 817.0, 806.0], [779.0, 794.0, 795.0, 776.0, 788.0, 783.0, 786.0, 796.0, 796.0, 762.0, 801.0, 780.0, 799.0, 778.0, 805.0, 798.0, 790.0, 774.0, 804.0, 787.0], [567.0, 576.0, 571.0, 572.0, 565.0, 578.0, 583.0, 567.0, 577.0, 574.0, 575.0, 588.0, 583.0, 574.0, 565.0, 571.0, 568.0, 554.0, 548.0, 577.0]], "walker walk": [[403.50698561593305, 435.01121854178103, 406.46170492482287, 450.2093837698948, 487.33241733144075, 424.04540472282923, 390.33224684694216, 391.22741639709426, 427.74301312212185, 453.59890186527684, 486.24903055030876, 438.36881095152023, 362.78726401658696, 423.3116651188766, 384.67467846887183, 448.8521609311158, 422.8711207335201, 370.7951325686869, 395.6979956808449, 448.11063556536027], [902.2809159463588, 888.6250997621673, 823.3855996748861, 899.414770259414, 876.4402129920588, 874.3886134312227, 875.2070697356633, 874.6624502679199, 855.757901019759, 837.8520766642868, 826.3817717972943, 875.3915988981929, 877.1581890117428, 853.5334607875824, 877.3306654328211, 859.6048828800518, 871.2637437427414, 861.011124482928, 870.0176601440742, 809.7152962204277], [558.8321134257975, 521.6521725231271, 569.132451638359, 442.85019224760765, 425.8231811423419, 456.3484733385844, 534.3627447732034, 244.2960826972961, 522.8657285047651, 438.74636829126104, 404.8657566861402, 537.6007086461262, 507.1468175114048, 489.7946231405726, 489.17345376679236, 516.9261449884598, 454.5280555707032, 381.0720368048167, 438.5435295675215, 444.4879128850525]]}, "status": 0}