{"id": 10, "tid": 800, "pos": [0.15177232619367534, 0.13478966838144585, 0.21803883678763086, 0.04180438617986265, 0.026338313528947083, 0.5058495280172208, 0.32212292953980814, 0.05268330580023681], "seed": [0, 1, 2], "data": [88, 88, -2.255689305698953, -3.665564910561099, -3.789293491768423, 0.04679622413776663, -1.4230165636815348, -3.5785335535981053], "results": {"cartpole swingup": [[515.2011911912922, 619.0129231699564, 517.498649471388, 554.3388828896502, 562.9720772841813, 424.0650280921898, 572.867786577762, 570.5964016453659, 544.265160571952, 410.5848813128467, 558.7040018724831, 497.8730764806748, 559.6919839910745, 563.3741980716242, 627.7083500671316, 494.0463512116607, 521.895240149245, 569.3373605048548, 530.8624925904463, 520.6161612793958], [436.3527057821344, 378.3000342378566, 430.4204989087832, 351.50647646522, 336.99100690444845, 426.44707934825425, 368.42444044848514, 490.83512784085985, 389.7733915428604, 386.30371598402013, 345.223013130444, 501.77903590787287, 436.4943739928518, 378.0537688635329, 431.6373949489173, 366.4852589176149, 505.51944007505267, 374.03754012708026, 345.7418499939527, 375.5397986526391], [650.7373354203676, 602.756897116211, 449.7221213815467, 568.3910702026694, 627.9359699563518, 505.5823478933032, 432.10534944869426, 382.9111693783308, 533.1519305272664, 376.5045352593577, 432.644602312472, 451.7435791582126, 493.5174342914543, 387.00759182125404, 567.9891640997645, 617.8266011129753, 435.9569271940874, 590.2946696073387, 571.821103972254, 636.0234092866715]], "cheetah run": [[218.11537690949643, 213.8848807549105, 209.1111908267114, 197.43799808009794, 210.67557774990405, 210.35721190002675, 209.17635896037456, 218.03657175147526, 223.17259546159954, 229.73107216253646, 206.53952232373436, 228.57537316589836, 224.6843925449889, 224.83996149481084, 215.5105244279826, 214.004447916758, 220.31952141181, 210.41704223422306, 218.21662866742273, 206.02610762070285], [163.684459867334, 106.30658611566633, 266.14294247481206, 264.3585632802929, 289.3057245405985, 245.69359141037265, 218.67665672067747, 216.97072768543427, 129.2349294949603, 250.96227617366517, 172.949821200615, 235.72650459421328, 213.5112226184206, 86.76800466953652, 306.31471684607203, 232.935798024146, 293.5000164677232, 236.2694535721142, 231.2079395334234, 297.0076940624006], [369.781617641988, 365.639661318551, 356.7119943103298, 381.5487454972908, 342.61008156386066, 364.4428723189812, 336.3384026995393, 356.55350853550016, 331.7321524363896, 359.8163008343954, 354.4449255961488, 366.82197661037554, 351.5744930042073, 338.18323325115637, 346.87461375700326, 358.2680641048892, 390.6822175159471, 337.7565098437518, 360.08548221875645, 377.98861323094]], "reacher easy": [[93.0, 74.0, 961.0, 979.0, 8.0, 0, 0, 0, 9.0, 11.0, 0, 983.0, 959.0, 0, 0, 0, 932.0, 973.0, 2.0, 2.0], [977.0, 0, 0, 59.0, 962.0, 0, 0, 29.0, 0, 933.0, 942.0, 963.0, 0, 864.0, 5.0, 0, 0, 207.0, 962.0, 959.0], [846.0, 961.0, 141.0, 0, 3.0, 0, 0, 6.0, 0, 0, 977.0, 0, 123.0, 0, 0, 952.0, 4.0, 1000.0, 928.0, 917.0]], "ball_in_cup catch": [[183.0, 828.0, 960.0, 854.0, 958.0, 191.0, 804.0, 953.0, 576.0, 964.0, 235.0, 715.0, 844.0, 21.0, 829.0, 823.0, 946.0, 861.0, 0, 879.0], [970.0, 989.0, 988.0, 685.0, 721.0, 900.0, 216.0, 128.0, 654.0, 924.0, 955.0, 545.0, 850.0, 970.0, 957.0, 997.0, 576.0, 920.0, 943.0, 665.0], [0, 0, 0, 0, 0, 950.0, 606.0, 0, 0, 0, 0, 0, 0, 0, 0, 0, 0, 0, 775.0, 103.0]], "finger spin": [[818.0, 838.0, 801.0, 838.0, 859.0, 806.0, 841.0, 860.0, 861.0, 816.0, 828.0, 828.0, 833.0, 830.0, 852.0, 835.0, 836.0, 855.0, 835.0, 836.0], [575.0, 583.0, 577.0, 576.0, 585.0, 587.0, 581.0, 585.0, 583.0, 580.0, 580.0, 577.0, 578.0, 579.0, 580.0, 588.0, 581.0, 576.0, 579.0, 587.0], [857.0, 869.0, 868.0, 857.0, 857.0, 873.0, 868.0, 848.0, 865.0, 870.0, 866.0, 875.0, 874.0, 857.0, 865.0, 861.0, 864.0, 849.0, 854.0, 873.0]], "walker walk": [[728.9913375994367, 734.2502395552764, 727.5536302438035, 734.5073975484403, 782.5846871636516, 790.2301376094978, 735.9289730518033, 728.0729783141552, 780.8879186963306, 749.9146440313772, 735.8187186461265, 730.924717318196, 714.7874621147649, 692.211973407011, 778.1202181776006, 780.572658651006, 670.3495127278018, 799.0205705129638, 743.9485157150835, 759.8434123412712], [860.2220405197688, 886.7166540129119, 868.7620021358633, 924.5720447346923, 852.050356747566, 798.611684180931, 886.3073821315023, 901.1587610663878, 940.3692111672483, 874.5522924933075, 857.1952220600682, 819.6710340983491, 863.7771722504937, 853.6728773888173, 848.203491158721, 873.597283721594, 835.652845281829, 855.9735029418473, 899.6955650309645, 857.3614464806641], [419.0100291702667, 510.3999521078207, 542.9604324117815, 483.6164664226378, 440.37619441877575, 389.4989332818518, 503.7507439177281, 506.12321366827973, 394.57284107215463, 515.8574842103795, 458.1173536832167, 366.73633916789294, 559.0406404344158, 555.9706324919337, 454.664171694629, 509.2796784340477, 469.3509690269953, 521.8937990404396, 487.758006381831, 478.8907917397711]]}, "status": 0}