{"id": 11, "tid": 801, "pos": [0.16060713967738985, 0.13418394314824394, 0.21195101156000756, -0.09460142914654852, 0.1264346365782855, 0.5128827270101898, 0.28478080437108805, 0.064931183227536], "seed": [0, 1, 2], "data": [89, 88, -2.3043919075199395, -4.0, -2.9885229073737163, 0.10306181608151821, -1.7217535650312956, -3.480550534179712], "results": {"cartpole swingup": [[418.68951944797965, 415.85412961025673, 423.1683363831247, 269.20536293405036, 409.9062130033213, 426.2876148510843, 422.86664680236004, 414.91612862875485, 421.15575271889765, 440.6317586476129, 417.70768681354383, 425.506321821659, 419.6990092133918, 491.8019741581936, 362.6473930763744, 426.2815743290758, 425.28719602241273, 394.8061397024596, 436.4693184120271, 461.411475094918], [690.1905496037302, 525.2858453585951, 720.5471104996747, 641.0239957581658, 650.2556433435478, 577.2058600730807, 582.9548223552313, 574.9776226588297, 715.7891898910806, 394.52667836577945, 650.9258005481137, 637.4213356381929, 564.2282125166504, 551.136834060907, 526.8390986188268, 520.8492988624367, 530.9252079361654, 709.3403490360788, 521.5729422283955, 614.4079331677711], [491.47100050804085, 481.1005525038154, 491.2753227229633, 482.7225582980346, 412.3359649056017, 438.66293103852007, 481.29304812597564, 602.8329954855186, 464.53480682690184, 497.2622080234548, 501.350255912006, 423.32829844983536, 478.0997114259213, 488.1557509126198, 537.8423333349325, 471.6286148512991, 521.3554769769524, 475.44796841447976, 497.1379841584638, 488.4289031067352]], "cheetah run": [[410.2282406115215, 121.3917962889611, 380.44639018840235, 443.8790773683619, 405.89592402428883, 278.7624928661025, 210.9637906866186, 433.2018818609479, 431.66104029189194, 412.09769968416157, 367.55785458681936, 446.14228353419514, 404.07960152154135, 276.4785625170264, 395.2642555839225, 430.5135171880531, 378.08964887635847, 418.0051731275362, 335.4658101473976, 327.42898194017465], [399.64344553971637, 424.7942387810386, 389.57068828131895, 385.3310532106886, 404.51350495975623, 382.98109701953535, 398.3889899394652, 381.5587220284918, 387.5377063849401, 383.8613612521174, 385.06092712768196, 408.6598976047279, 409.30343639383767, 396.2483542721412, 395.15820185256257, 385.5594899107382, 388.7359191586804, 397.0890631245703, 396.3808879621251, 383.5805416587005], [348.50442388703453, 293.6080451287979, 363.32262215261767, 228.25972809387073, 330.72525950601255, 327.5358477275199, 369.2861087389706, 358.34945594591585, 313.8017821674541, 376.2803224940175, 357.3061605585063, 374.9249530410692, 343.8591527003599, 97.39583528472599, 328.11883206928394, 367.04676964483843, 352.4789447984268, 366.6181647403836, 318.6261412327279, 345.9770537264641]], "reacher easy": [[7.0, 0, 145.0, 0, 998.0, 992.0, 966.0, 0, 10.0, 941.0, 893.0, 983.0, 306.0, 0, 952.0, 0, 966.0, 972.0, 5.0, 0], [970.0, 0, 9.0, 901.0, 965.0, 940.0, 51.0, 28.0, 21.0, 18.0, 993.0, 967.0, 0, 972.0, 0, 7.0, 7.0, 982.0, 950.0, 975.0], [972.0, 964.0, 0, 0, 5.0, 21.0, 25.0, 0, 0, 974.0, 974.0, 0, 0, 6.0, 994.0, 958.0, 0, 1000.0, 0, 947.0]], "ball_in_cup catch": [[737.0, 800.0, 631.0, 916.0, 551.0, 722.0, 426.0, 764.0, 639.0, 843.0, 788.0, 943.0, 603.0, 448.0, 939.0, 826.0, 594.0, 691.0, 912.0, 561.0], [0, 0, 0, 0, 956.0, 0, 988.0, 0, 0, 990.0, 0, 0, 0, 0, 0, 1000.0, 0, 0, 0, 685.0], [0, 691.0, 590.0, 0, 595.0, 990.0, 953.0, 284.0, 972.0, 877.0, 452.0, 9.0, 188.0, 827.0, 0, 0, 838.0, 737.0, 789.0, 0]], "finger spin": [[840.0, 834.0, 823.0, 836.0, 825.0, 816.0, 815.0, 832.0, 822.0, 836.0, 829.0, 826.0, 830.0, 833.0, 804.0, 827.0, 823.0, 802.0, 830.0, 800.0], [521.0, 517.0, 541.0, 515.0, 531.0, 535.0, 523.0, 532.0, 492.0, 527.0, 528.0, 523.0, 543.0, 531.0, 544.0, 540.0, 537.0, 516.0, 524.0, 512.0], [543.0, 542.0, 542.0, 541.0, 544.0, 527.0, 539.0, 531.0, 565.0, 531.0, 531.0, 523.0, 514.0, 540.0, 576.0, 561.0, 563.0, 526.0, 540.0, 549.0]], "walker walk": [[479.0892899456872, 478.1270259484449, 463.1032887337423, 454.3097791452398, 450.7513964912332, 412.65542724912535, 454.77587044677415, 439.665238594907, 466.54815923963594, 464.713524665202, 180.71513481221544, 455.0136590093189, 452.6777368970204, 451.4433855095204, 430.4347687984155, 469.949700957636, 439.6544832553153, 422.2477019185565, 483.27219904599724, 462.873519579792], [502.44096032366826, 494.01492088760904, 514.0913279003951, 537.7912338083313, 509.9032061501165, 485.2199083291129, 435.0782936978243, 504.25324803916044, 501.89717096305395, 469.01753591597173, 480.9925134193723, 460.73008597146094, 471.20681862773375, 482.51078494623215, 478.97031385191457, 496.78781450941835, 510.5408702741537, 471.2050668738951, 523.6423921918458, 513.3039685043553], [656.9602813119415, 613.9714035768496, 634.6014448349423, 656.0214169637486, 583.1408782624998, 582.8893524478599, 646.9669716580859, 704.0303901597188, 703.9384021954633, 713.2757462689547, 630.3021299078721, 669.5853205250285, 574.6583460677545, 681.9055642705877, 699.6273605187147, 620.1468822717098, 681.6231979699004, 622.976319789188, 519.8571100142002, 661.6655979204706]]}, "status": 0}