{"id": 3, "tid": 293, "pos": [0.2312613360082796, 0.10229267928046794, 0.2068570647833597, 0.015490982953187266, 0.06210557966182455, 0.520589322404277, 0.08125019977689836, 0.043544880271936565], "seed": [0, 1, 2], "data": [91, 87, -2.3451434817331225, -3.8760721363745017, -3.5031553627054035, 0.16471457923421617, -3.3499984017848132, -3.6516409578245073], "results": {"cartpole swingup": [[312.78474240650985, 356.77551329344004, 426.16634531024886, 372.8285156850282, 316.3529446539617, 361.4773172742937, 251.14490197146162, 356.72279808967943, 250.55512411003113, 390.2458282943668, 410.01758964302934, 204.82840299668507, 318.3151013390553, 407.79331066453614, 360.61474776928316, 420.43429168248565, 310.11090594027525, 248.56824973397397, 324.0671144081641, 383.00721938028835], [475.7589568540246, 513.196109412616, 506.1460824918819, 453.87705754191944, 387.5905144858637, 519.208961926074, 461.9340370751223, 595.2111609032138, 587.7424929040449, 417.4352261407766, 452.54924837591074, 461.69842636451415, 452.7106333589687, 519.432211984124, 444.1123142892525, 507.23025402147795, 493.62690004759367, 447.9440122201075, 507.745291920869, 472.46902693438983], [566.0904864627271, 613.7516755559305, 515.447394065588, 502.10824779944977, 498.7133756353702, 560.1980431923342, 702.6021114445762, 571.6447309081494, 630.541795371454, 576.4027743019054, 568.9474688272298, 634.6067630786158, 640.8550010371235, 587.8788590860631, 661.0768947450796, 705.4988318638401, 583.7790563725886, 697.1898318447877, 567.046597857716, 647.680971685187]], "cheetah run": [[381.85131593389383, 436.77264307254643, 370.30795579339787, 352.79671919729486, 445.6361602574752, 375.69507823474777, 427.508999347121, 436.73310309389353, 405.947864499786, 421.25547963010155, 455.79675855450114, 415.5886673883389, 478.8142555830787, 463.9322488181803, 413.461154534148, 469.6943812031738, 421.9698819071885, 403.0684714089549, 209.1873127945059, 473.4711062040308], [278.93047930565206, 247.8466951500712, 271.0002806117523, 172.19027001265403, 206.87823880286817, 277.46728335303527, 153.9806697502462, 277.5549969535211, 246.91071542169146, 279.52516367454615, 45.455932493597615, 102.51234502321138, 277.6500385968217, 318.3550220743786, 313.8384196391829, 273.2483634911996, 103.41982645177434, 191.1001686023003, 120.08261402473413, 79.94876721635171], [472.5818325388099, 467.3524915654298, 447.1581324920805, 459.9117841519031, 478.2263318066444, 463.5905274637948, 455.3043776308765, 365.0381288631697, 450.76835896657195, 450.74878786683865, 445.77924451098755, 373.84861136394824, 466.6610631757739, 441.3223634081231, 475.4514179339386, 396.61426037558726, 448.972788613656, 473.19773980779036, 464.59949804179894, 440.11722614682856]], "reacher easy": [[979.0, 0, 969.0, 0, 987.0, 0, 5.0, 0, 11.0, 8.0, 0, 13.0, 963.0, 0, 481.0, 10.0, 981.0, 974.0, 0, 77.0], [984.0, 3.0, 0, 0, 0, 974.0, 58.0, 11.0, 0, 0, 940.0, 963.0, 93.0, 984.0, 0, 471.0, 0, 10.0, 922.0, 960.0], [0, 956.0, 55.0, 0, 0, 0, 8.0, 0, 0, 0, 0, 76.0, 0, 0, 995.0, 0, 4.0, 12.0, 0, 9.0]], "ball_in_cup catch": [[956.0, 432.0, 0, 0, 527.0, 0, 305.0, 514.0, 110.0, 837.0, 159.0, 599.0, 857.0, 820.0, 703.0, 849.0, 0, 945.0, 541.0, 0], [993.0, 951.0, 982.0, 654.0, 872.0, 0, 0, 710.0, 440.0, 380.0, 215.0, 793.0, 733.0, 993.0, 799.0, 1000.0, 35.0, 653.0, 722.0, 145.0], [562.0, 951.0, 55.0, 823.0, 218.0, 44.0, 399.0, 988.0, 669.0, 763.0, 732.0, 777.0, 944.0, 0, 689.0, 918.0, 829.0, 841.0, 491.0, 753.0]], "finger spin": [[882.0, 875.0, 875.0, 875.0, 839.0, 848.0, 847.0, 875.0, 875.0, 863.0, 875.0, 853.0, 883.0, 892.0, 870.0, 863.0, 837.0, 875.0, 840.0, 860.0], [818.0, 801.0, 804.0, 812.0, 803.0, 795.0, 816.0, 810.0, 815.0, 802.0, 829.0, 825.0, 800.0, 802.0, 803.0, 789.0, 815.0, 782.0, 798.0, 822.0], [853.0, 861.0, 863.0, 858.0, 855.0, 867.0, 866.0, 862.0, 868.0, 868.0, 865.0, 865.0, 866.0, 847.0, 863.0, 868.0, 853.0, 855.0, 845.0, 866.0]], "walker walk": [[549.1623536386395, 573.2890901719163, 551.2244549127446, 513.3831969274963, 602.2858573071488, 518.1041707893221, 512.9571011224381, 568.866416345405, 598.2442971531009, 459.3438884859205, 507.83825293985717, 555.0829221540404, 565.5415834088673, 551.9812854425397, 546.2521206548304, 523.2140116575125, 519.1788819339404, 528.3479074434481, 494.08028465980993, 520.198448899694], [640.1499643226589, 642.3488546407447, 676.5093398134707, 616.7724419701348, 671.3953829541807, 584.73418947008, 591.1934693031887, 718.9542785835579, 610.8978811129268, 604.4227172642394, 604.004739492094, 588.9777471183884, 689.2555967666406, 661.6829519267205, 681.0559852109828, 571.7858955972991, 643.3401160529986, 652.8201897973969, 645.0636257240399, 625.4640395172123], [294.93395558066874, 440.5882812698147, 420.9355333644156, 389.88074174842706, 499.1377905055653, 477.96731787104807, 490.67394339099343, 393.8551766429981, 457.8409480798242, 420.443452765049, 432.76688447255816, 380.3489415395356, 445.4789110296259, 389.5041382879052, 430.0048714334389, 430.2499764701916, 536.7675026269795, 454.1915660846491, 478.9322574617841, 442.94089394046387]]}, "status": 0}